tiempo_key,fecha,nombre_dia,nombre_mes,mes,dia,anio
1,2017-12-31,Domingo,Diciembre,12,31,2017
2,2018-01-01,Lunes,Enero,1,1,2018
3,2018-01-02,Martes,Enero,1,2,2018
4,2018-01-03,Miercoles,Enero,1,3,2018
5,2018-01-04,Jueves,Enero,1,4,2018
6,2018-01-05,Viernes,Enero,1,5,2018
7,2018-01-06,Sabado,Enero,1,6,2018
8,2018-01-07,Domingo,Enero,1,7,2018
9,2018-01-08,Lunes,Enero,1,8,2018
10,2018-01-09,Martes,Enero,1,9,2018
11,2018-01-10,Miercoles,Enero,1,10,2018
12,2018-01-11,Jueves,Enero,1,11,2018
13,2018-01-12,Viernes,Enero,1,12,2018
14,2018-01-13,Sabado,Enero,1,13,2018
15,2018-01-14,Domingo,Enero,1,14,2018
16,2018-01-15,Lunes,Enero,1,15,2018
17,2018-01-16,Martes,Enero,1,16,2018
18,2018-01-17,Miercoles,Enero,1,17,2018
19,2018-01-18,Jueves,Enero,1,18,2018
20,2018-01-19,Viernes,Enero,1,19,2018
21,2018-01-20,Sabado,Enero,1,20,2018
22,2018-01-21,Domingo,Enero,1,21,2018
23,2018-01-22,Lunes,Enero,1,22,2018
24,2018-01-23,Martes,Enero,1,23,2018
25,2018-01-24,Miercoles,Enero,1,24,2018
26,2018-01-25,Jueves,Enero,1,25,2018
27,2018-01-26,Viernes,Enero,1,26,2018
28,2018-01-27,Sabado,Enero,1,27,2018
29,2018-01-28,Domingo,Enero,1,28,2018
30,2018-01-29,Lunes,Enero,1,29,2018
31,2018-01-30,Martes,Enero,1,30,2018
32,2018-01-31,Miercoles,Enero,1,31,2018
33,2018-02-01,Jueves,Febrero,2,1,2018
34,2018-02-02,Viernes,Febrero,2,2,2018
35,2018-02-03,Sabado,Febrero,2,3,2018
36,2018-02-04,Domingo,Febrero,2,4,2018
37,2018-02-05,Lunes,Febrero,2,5,2018
38,2018-02-06,Martes,Febrero,2,6,2018
39,2018-02-07,Miercoles,Febrero,2,7,2018
40,2018-02-08,Jueves,Febrero,2,8,2018
41,2018-02-09,Viernes,Febrero,2,9,2018
42,2018-02-10,Sabado,Febrero,2,10,2018
43,2018-02-11,Domingo,Febrero,2,11,2018
44,2018-02-12,Lunes,Febrero,2,12,2018
45,2018-02-13,Martes,Febrero,2,13,2018
46,2018-02-14,Miercoles,Febrero,2,14,2018
47,2018-02-15,Jueves,Febrero,2,15,2018
48,2018-02-16,Viernes,Febrero,2,16,2018
49,2018-02-17,Sabado,Febrero,2,17,2018
50,2018-02-18,Domingo,Febrero,2,18,2018
51,2018-02-19,Lunes,Febrero,2,19,2018
52,2018-02-20,Martes,Febrero,2,20,2018
53,2018-02-21,Miercoles,Febrero,2,21,2018
54,2018-02-22,Jueves,Febrero,2,22,2018
55,2018-02-23,Viernes,Febrero,2,23,2018
56,2018-02-24,Sabado,Febrero,2,24,2018
57,2018-02-25,Domingo,Febrero,2,25,2018
58,2018-02-26,Lunes,Febrero,2,26,2018
59,2018-02-27,Martes,Febrero,2,27,2018
60,2018-02-28,Miercoles,Febrero,2,28,2018
61,2018-03-01,Jueves,Marzo,3,1,2018
62,2018-03-02,Viernes,Marzo,3,2,2018
63,2018-03-03,Sabado,Marzo,3,3,2018
64,2018-03-04,Domingo,Marzo,3,4,2018
65,2018-03-05,Lunes,Marzo,3,5,2018
66,2018-03-06,Martes,Marzo,3,6,2018
67,2018-03-07,Miercoles,Marzo,3,7,2018
68,2018-03-08,Jueves,Marzo,3,8,2018
69,2018-03-09,Viernes,Marzo,3,9,2018
70,2018-03-10,Sabado,Marzo,3,10,2018
71,2018-03-11,Domingo,Marzo,3,11,2018
72,2018-03-12,Lunes,Marzo,3,12,2018
73,2018-03-13,Martes,Marzo,3,13,2018
74,2018-03-14,Miercoles,Marzo,3,14,2018
75,2018-03-15,Jueves,Marzo,3,15,2018
76,2018-03-16,Viernes,Marzo,3,16,2018
77,2018-03-17,Sabado,Marzo,3,17,2018
78,2018-03-18,Domingo,Marzo,3,18,2018
79,2018-03-19,Lunes,Marzo,3,19,2018
80,2018-03-20,Martes,Marzo,3,20,2018
81,2018-03-21,Miercoles,Marzo,3,21,2018
82,2018-03-22,Jueves,Marzo,3,22,2018
83,2018-03-23,Viernes,Marzo,3,23,2018
84,2018-03-24,Sabado,Marzo,3,24,2018
85,2018-03-25,Domingo,Marzo,3,25,2018
86,2018-03-26,Lunes,Marzo,3,26,2018
87,2018-03-27,Martes,Marzo,3,27,2018
88,2018-03-28,Miercoles,Marzo,3,28,2018
89,2018-03-29,Jueves,Marzo,3,29,2018
90,2018-03-30,Viernes,Marzo,3,30,2018
91,2018-03-31,Sabado,Marzo,3,31,2018
92,2018-04-01,Domingo,Abril,4,1,2018
93,2018-04-02,Lunes,Abril,4,2,2018
94,2018-04-03,Martes,Abril,4,3,2018
95,2018-04-04,Miercoles,Abril,4,4,2018
96,2018-04-05,Jueves,Abril,4,5,2018
97,2018-04-06,Viernes,Abril,4,6,2018
98,2018-04-07,Sabado,Abril,4,7,2018
99,2018-04-08,Domingo,Abril,4,8,2018
100,2018-04-09,Lunes,Abril,4,9,2018
101,2018-04-10,Martes,Abril,4,10,2018
102,2018-04-11,Miercoles,Abril,4,11,2018
103,2018-04-12,Jueves,Abril,4,12,2018
104,2018-04-13,Viernes,Abril,4,13,2018
105,2018-04-14,Sabado,Abril,4,14,2018
106,2018-04-15,Domingo,Abril,4,15,2018
107,2018-04-16,Lunes,Abril,4,16,2018
108,2018-04-17,Martes,Abril,4,17,2018
109,2018-04-18,Miercoles,Abril,4,18,2018
110,2018-04-19,Jueves,Abril,4,19,2018
111,2018-04-20,Viernes,Abril,4,20,2018
112,2018-04-21,Sabado,Abril,4,21,2018
113,2018-04-22,Domingo,Abril,4,22,2018
114,2018-04-23,Lunes,Abril,4,23,2018
115,2018-04-24,Martes,Abril,4,24,2018
116,2018-04-25,Miercoles,Abril,4,25,2018
117,2018-04-26,Jueves,Abril,4,26,2018
118,2018-04-27,Viernes,Abril,4,27,2018
119,2018-04-28,Sabado,Abril,4,28,2018
120,2018-04-29,Domingo,Abril,4,29,2018
121,2018-04-30,Lunes,Abril,4,30,2018
122,2018-05-01,Martes,Mayo,5,1,2018
123,2018-05-02,Miercoles,Mayo,5,2,2018
124,2018-05-03,Jueves,Mayo,5,3,2018
125,2018-05-04,Viernes,Mayo,5,4,2018
126,2018-05-05,Sabado,Mayo,5,5,2018
127,2018-05-06,Domingo,Mayo,5,6,2018
128,2018-05-07,Lunes,Mayo,5,7,2018
129,2018-05-08,Martes,Mayo,5,8,2018
130,2018-05-09,Miercoles,Mayo,5,9,2018
131,2018-05-10,Jueves,Mayo,5,10,2018
132,2018-05-11,Viernes,Mayo,5,11,2018
133,2018-05-12,Sabado,Mayo,5,12,2018
134,2018-05-13,Domingo,Mayo,5,13,2018
135,2018-05-14,Lunes,Mayo,5,14,2018
136,2018-05-15,Martes,Mayo,5,15,2018
137,2018-05-16,Miercoles,Mayo,5,16,2018
138,2018-05-17,Jueves,Mayo,5,17,2018
139,2018-05-18,Viernes,Mayo,5,18,2018
140,2018-05-19,Sabado,Mayo,5,19,2018
141,2018-05-20,Domingo,Mayo,5,20,2018
142,2018-05-21,Lunes,Mayo,5,21,2018
143,2018-05-22,Martes,Mayo,5,22,2018
144,2018-05-23,Miercoles,Mayo,5,23,2018
145,2018-05-24,Jueves,Mayo,5,24,2018
146,2018-05-25,Viernes,Mayo,5,25,2018
147,2018-05-26,Sabado,Mayo,5,26,2018
148,2018-05-27,Domingo,Mayo,5,27,2018
149,2018-05-28,Lunes,Mayo,5,28,2018
150,2018-05-29,Martes,Mayo,5,29,2018
151,2018-05-30,Miercoles,Mayo,5,30,2018
152,2018-05-31,Jueves,Mayo,5,31,2018
153,2018-06-01,Viernes,Junio,6,1,2018
154,2018-06-02,Sabado,Junio,6,2,2018
155,2018-06-03,Domingo,Junio,6,3,2018
156,2018-06-04,Lunes,Junio,6,4,2018
157,2018-06-05,Martes,Junio,6,5,2018
158,2018-06-06,Miercoles,Junio,6,6,2018
159,2018-06-07,Jueves,Junio,6,7,2018
160,2018-06-08,Viernes,Junio,6,8,2018
161,2018-06-09,Sabado,Junio,6,9,2018
162,2018-06-10,Domingo,Junio,6,10,2018
163,2018-06-11,Lunes,Junio,6,11,2018
164,2018-06-12,Martes,Junio,6,12,2018
165,2018-06-13,Miercoles,Junio,6,13,2018
166,2018-06-14,Jueves,Junio,6,14,2018
167,2018-06-15,Viernes,Junio,6,15,2018
168,2018-06-16,Sabado,Junio,6,16,2018
169,2018-06-17,Domingo,Junio,6,17,2018
170,2018-06-18,Lunes,Junio,6,18,2018
171,2018-06-19,Martes,Junio,6,19,2018
172,2018-06-20,Miercoles,Junio,6,20,2018
173,2018-06-21,Jueves,Junio,6,21,2018
174,2018-06-22,Viernes,Junio,6,22,2018
175,2018-06-23,Sabado,Junio,6,23,2018
176,2018-06-24,Domingo,Junio,6,24,2018
177,2018-06-25,Lunes,Junio,6,25,2018
178,2018-06-26,Martes,Junio,6,26,2018
179,2018-06-27,Miercoles,Junio,6,27,2018
180,2018-06-28,Jueves,Junio,6,28,2018
181,2018-06-29,Viernes,Junio,6,29,2018
182,2018-06-30,Sabado,Junio,6,30,2018
183,2018-07-01,Domingo,Julio,7,1,2018
184,2018-07-02,Lunes,Julio,7,2,2018
185,2018-07-03,Martes,Julio,7,3,2018
186,2018-07-04,Miercoles,Julio,7,4,2018
187,2018-07-05,Jueves,Julio,7,5,2018
188,2018-07-06,Viernes,Julio,7,6,2018
189,2018-07-07,Sabado,Julio,7,7,2018
190,2018-07-08,Domingo,Julio,7,8,2018
191,2018-07-09,Lunes,Julio,7,9,2018
192,2018-07-10,Martes,Julio,7,10,2018
193,2018-07-11,Miercoles,Julio,7,11,2018
194,2018-07-12,Jueves,Julio,7,12,2018
195,2018-07-13,Viernes,Julio,7,13,2018
196,2018-07-14,Sabado,Julio,7,14,2018
197,2018-07-15,Domingo,Julio,7,15,2018
198,2018-07-16,Lunes,Julio,7,16,2018
199,2018-07-17,Martes,Julio,7,17,2018
200,2018-07-18,Miercoles,Julio,7,18,2018
201,2018-07-19,Jueves,Julio,7,19,2018
202,2018-07-20,Viernes,Julio,7,20,2018
203,2018-07-21,Sabado,Julio,7,21,2018
204,2018-07-22,Domingo,Julio,7,22,2018
205,2018-07-23,Lunes,Julio,7,23,2018
206,2018-07-24,Martes,Julio,7,24,2018
207,2018-07-25,Miercoles,Julio,7,25,2018
208,2018-07-26,Jueves,Julio,7,26,2018
209,2018-07-27,Viernes,Julio,7,27,2018
210,2018-07-28,Sabado,Julio,7,28,2018
211,2018-07-29,Domingo,Julio,7,29,2018
212,2018-07-30,Lunes,Julio,7,30,2018
213,2018-07-31,Martes,Julio,7,31,2018
214,2018-08-01,Miercoles,Agosto,8,1,2018
215,2018-08-02,Jueves,Agosto,8,2,2018
216,2018-08-03,Viernes,Agosto,8,3,2018
217,2018-08-04,Sabado,Agosto,8,4,2018
218,2018-08-05,Domingo,Agosto,8,5,2018
219,2018-08-06,Lunes,Agosto,8,6,2018
220,2018-08-07,Martes,Agosto,8,7,2018
221,2018-08-08,Miercoles,Agosto,8,8,2018
222,2018-08-09,Jueves,Agosto,8,9,2018
223,2018-08-10,Viernes,Agosto,8,10,2018
224,2018-08-11,Sabado,Agosto,8,11,2018
225,2018-08-12,Domingo,Agosto,8,12,2018
226,2018-08-13,Lunes,Agosto,8,13,2018
227,2018-08-14,Martes,Agosto,8,14,2018
228,2018-08-15,Miercoles,Agosto,8,15,2018
229,2018-08-16,Jueves,Agosto,8,16,2018
230,2018-08-17,Viernes,Agosto,8,17,2018
231,2018-08-18,Sabado,Agosto,8,18,2018
232,2018-08-19,Domingo,Agosto,8,19,2018
233,2018-08-20,Lunes,Agosto,8,20,2018
234,2018-08-21,Martes,Agosto,8,21,2018
235,2018-08-22,Miercoles,Agosto,8,22,2018
236,2018-08-23,Jueves,Agosto,8,23,2018
237,2018-08-24,Viernes,Agosto,8,24,2018
238,2018-08-25,Sabado,Agosto,8,25,2018
239,2018-08-26,Domingo,Agosto,8,26,2018
240,2018-08-27,Lunes,Agosto,8,27,2018
241,2018-08-28,Martes,Agosto,8,28,2018
242,2018-08-29,Miercoles,Agosto,8,29,2018
243,2018-08-30,Jueves,Agosto,8,30,2018
244,2018-08-31,Viernes,Agosto,8,31,2018
245,2018-09-01,Sabado,Septiembre,9,1,2018
246,2018-09-02,Domingo,Septiembre,9,2,2018
247,2018-09-03,Lunes,Septiembre,9,3,2018
248,2018-09-04,Martes,Septiembre,9,4,2018
249,2018-09-05,Miercoles,Septiembre,9,5,2018
250,2018-09-06,Jueves,Septiembre,9,6,2018
251,2018-09-07,Viernes,Septiembre,9,7,2018
252,2018-09-08,Sabado,Septiembre,9,8,2018
253,2018-09-09,Domingo,Septiembre,9,9,2018
254,2018-09-10,Lunes,Septiembre,9,10,2018
255,2018-09-11,Martes,Septiembre,9,11,2018
256,2018-09-12,Miercoles,Septiembre,9,12,2018
257,2018-09-13,Jueves,Septiembre,9,13,2018
258,2018-09-14,Viernes,Septiembre,9,14,2018
259,2018-09-15,Sabado,Septiembre,9,15,2018
260,2018-09-16,Domingo,Septiembre,9,16,2018
261,2018-09-17,Lunes,Septiembre,9,17,2018
262,2018-09-18,Martes,Septiembre,9,18,2018
263,2018-09-19,Miercoles,Septiembre,9,19,2018
264,2018-09-20,Jueves,Septiembre,9,20,2018
265,2018-09-21,Viernes,Septiembre,9,21,2018
266,2018-09-22,Sabado,Septiembre,9,22,2018
267,2018-09-23,Domingo,Septiembre,9,23,2018
268,2018-09-24,Lunes,Septiembre,9,24,2018
269,2018-09-25,Martes,Septiembre,9,25,2018
270,2018-09-26,Miercoles,Septiembre,9,26,2018
271,2018-09-27,Jueves,Septiembre,9,27,2018
272,2018-09-28,Viernes,Septiembre,9,28,2018
273,2018-09-29,Sabado,Septiembre,9,29,2018
274,2018-09-30,Domingo,Septiembre,9,30,2018
275,2018-10-01,Lunes,Octubre,10,1,2018
276,2018-10-02,Martes,Octubre,10,2,2018
277,2018-10-03,Miercoles,Octubre,10,3,2018
278,2018-10-04,Jueves,Octubre,10,4,2018
279,2018-10-05,Viernes,Octubre,10,5,2018
280,2018-10-06,Sabado,Octubre,10,6,2018
281,2018-10-07,Domingo,Octubre,10,7,2018
282,2018-10-08,Lunes,Octubre,10,8,2018
283,2018-10-09,Martes,Octubre,10,9,2018
284,2018-10-10,Miercoles,Octubre,10,10,2018
285,2018-10-11,Jueves,Octubre,10,11,2018
286,2018-10-12,Viernes,Octubre,10,12,2018
287,2018-10-13,Sabado,Octubre,10,13,2018
288,2018-10-14,Domingo,Octubre,10,14,2018
289,2018-10-15,Lunes,Octubre,10,15,2018
290,2018-10-16,Martes,Octubre,10,16,2018
291,2018-10-17,Miercoles,Octubre,10,17,2018
292,2018-10-18,Jueves,Octubre,10,18,2018
293,2018-10-19,Viernes,Octubre,10,19,2018
294,2018-10-20,Sabado,Octubre,10,20,2018
295,2018-10-21,Domingo,Octubre,10,21,2018
296,2018-10-22,Lunes,Octubre,10,22,2018
297,2018-10-23,Martes,Octubre,10,23,2018
298,2018-10-24,Miercoles,Octubre,10,24,2018
299,2018-10-25,Jueves,Octubre,10,25,2018
300,2018-10-26,Viernes,Octubre,10,26,2018
301,2018-10-27,Sabado,Octubre,10,27,2018
302,2018-10-28,Domingo,Octubre,10,28,2018
303,2018-10-29,Lunes,Octubre,10,29,2018
304,2018-10-30,Martes,Octubre,10,30,2018
305,2018-10-31,Miercoles,Octubre,10,31,2018
306,2018-11-01,Jueves,Noviembre,11,1,2018
307,2018-11-02,Viernes,Noviembre,11,2,2018
308,2018-11-03,Sabado,Noviembre,11,3,2018
309,2018-11-04,Domingo,Noviembre,11,4,2018
310,2018-11-05,Lunes,Noviembre,11,5,2018
311,2018-11-06,Martes,Noviembre,11,6,2018
312,2018-11-07,Miercoles,Noviembre,11,7,2018
313,2018-11-08,Jueves,Noviembre,11,8,2018
314,2018-11-09,Viernes,Noviembre,11,9,2018
315,2018-11-10,Sabado,Noviembre,11,10,2018
316,2018-11-11,Domingo,Noviembre,11,11,2018
317,2018-11-12,Lunes,Noviembre,11,12,2018
318,2018-11-13,Martes,Noviembre,11,13,2018
319,2018-11-14,Miercoles,Noviembre,11,14,2018
320,2018-11-15,Jueves,Noviembre,11,15,2018
321,2018-11-16,Viernes,Noviembre,11,16,2018
322,2018-11-17,Sabado,Noviembre,11,17,2018
323,2018-11-18,Domingo,Noviembre,11,18,2018
324,2018-11-19,Lunes,Noviembre,11,19,2018
325,2018-11-20,Martes,Noviembre,11,20,2018
326,2018-11-21,Miercoles,Noviembre,11,21,2018
327,2018-11-22,Jueves,Noviembre,11,22,2018
328,2018-11-23,Viernes,Noviembre,11,23,2018
329,2018-11-24,Sabado,Noviembre,11,24,2018
330,2018-11-25,Domingo,Noviembre,11,25,2018
331,2018-11-26,Lunes,Noviembre,11,26,2018
332,2018-11-27,Martes,Noviembre,11,27,2018
333,2018-11-28,Miercoles,Noviembre,11,28,2018
334,2018-11-29,Jueves,Noviembre,11,29,2018
335,2018-11-30,Viernes,Noviembre,11,30,2018
336,2018-12-01,Sabado,Diciembre,12,1,2018
337,2018-12-02,Domingo,Diciembre,12,2,2018
338,2018-12-03,Lunes,Diciembre,12,3,2018
339,2018-12-04,Martes,Diciembre,12,4,2018
340,2018-12-05,Miercoles,Diciembre,12,5,2018
341,2018-12-06,Jueves,Diciembre,12,6,2018
342,2018-12-07,Viernes,Diciembre,12,7,2018
343,2018-12-08,Sabado,Diciembre,12,8,2018
344,2018-12-09,Domingo,Diciembre,12,9,2018
345,2018-12-10,Lunes,Diciembre,12,10,2018
346,2018-12-11,Martes,Diciembre,12,11,2018
347,2018-12-12,Miercoles,Diciembre,12,12,2018
348,2018-12-13,Jueves,Diciembre,12,13,2018
349,2018-12-14,Viernes,Diciembre,12,14,2018
350,2018-12-15,Sabado,Diciembre,12,15,2018
351,2018-12-16,Domingo,Diciembre,12,16,2018
352,2018-12-17,Lunes,Diciembre,12,17,2018
353,2018-12-18,Martes,Diciembre,12,18,2018
354,2018-12-19,Miercoles,Diciembre,12,19,2018
355,2018-12-20,Jueves,Diciembre,12,20,2018
356,2018-12-21,Viernes,Diciembre,12,21,2018
357,2018-12-22,Sabado,Diciembre,12,22,2018
358,2018-12-23,Domingo,Diciembre,12,23,2018
359,2018-12-24,Lunes,Diciembre,12,24,2018
360,2018-12-25,Martes,Diciembre,12,25,2018
361,2018-12-26,Miercoles,Diciembre,12,26,2018
362,2018-12-27,Jueves,Diciembre,12,27,2018
363,2018-12-28,Viernes,Diciembre,12,28,2018
364,2018-12-29,Sabado,Diciembre,12,29,2018
365,2018-12-30,Domingo,Diciembre,12,30,2018
366,2018-12-31,Lunes,Diciembre,12,31,2018
367,2019-01-01,Martes,Enero,1,1,2019
368,2019-01-02,Miercoles,Enero,1,2,2019
369,2019-01-03,Jueves,Enero,1,3,2019
370,2019-01-04,Viernes,Enero,1,4,2019
371,2019-01-05,Sabado,Enero,1,5,2019
372,2019-01-06,Domingo,Enero,1,6,2019
373,2019-01-07,Lunes,Enero,1,7,2019
374,2019-01-08,Martes,Enero,1,8,2019
375,2019-01-09,Miercoles,Enero,1,9,2019
376,2019-01-10,Jueves,Enero,1,10,2019
377,2019-01-11,Viernes,Enero,1,11,2019
378,2019-01-12,Sabado,Enero,1,12,2019
379,2019-01-13,Domingo,Enero,1,13,2019
380,2019-01-14,Lunes,Enero,1,14,2019
381,2019-01-15,Martes,Enero,1,15,2019
382,2019-01-16,Miercoles,Enero,1,16,2019
383,2019-01-17,Jueves,Enero,1,17,2019
384,2019-01-18,Viernes,Enero,1,18,2019
385,2019-01-19,Sabado,Enero,1,19,2019
386,2019-01-20,Domingo,Enero,1,20,2019
387,2019-01-21,Lunes,Enero,1,21,2019
388,2019-01-22,Martes,Enero,1,22,2019
389,2019-01-23,Miercoles,Enero,1,23,2019
390,2019-01-24,Jueves,Enero,1,24,2019
391,2019-01-25,Viernes,Enero,1,25,2019
392,2019-01-26,Sabado,Enero,1,26,2019
393,2019-01-27,Domingo,Enero,1,27,2019
394,2019-01-28,Lunes,Enero,1,28,2019
395,2019-01-29,Martes,Enero,1,29,2019
396,2019-01-30,Miercoles,Enero,1,30,2019
397,2019-01-31,Jueves,Enero,1,31,2019
398,2019-02-01,Viernes,Febrero,2,1,2019
399,2019-02-02,Sabado,Febrero,2,2,2019
400,2019-02-03,Domingo,Febrero,2,3,2019
401,2019-02-04,Lunes,Febrero,2,4,2019
402,2019-02-05,Martes,Febrero,2,5,2019
403,2019-02-06,Miercoles,Febrero,2,6,2019
404,2019-02-07,Jueves,Febrero,2,7,2019
405,2019-02-08,Viernes,Febrero,2,8,2019
406,2019-02-09,Sabado,Febrero,2,9,2019
407,2019-02-10,Domingo,Febrero,2,10,2019
408,2019-02-11,Lunes,Febrero,2,11,2019
409,2019-02-12,Martes,Febrero,2,12,2019
410,2019-02-13,Miercoles,Febrero,2,13,2019
411,2019-02-14,Jueves,Febrero,2,14,2019
412,2019-02-15,Viernes,Febrero,2,15,2019
413,2019-02-16,Sabado,Febrero,2,16,2019
414,2019-02-17,Domingo,Febrero,2,17,2019
415,2019-02-18,Lunes,Febrero,2,18,2019
416,2019-02-19,Martes,Febrero,2,19,2019
417,2019-02-20,Miercoles,Febrero,2,20,2019
418,2019-02-21,Jueves,Febrero,2,21,2019
419,2019-02-22,Viernes,Febrero,2,22,2019
420,2019-02-23,Sabado,Febrero,2,23,2019
421,2019-02-24,Domingo,Febrero,2,24,2019
422,2019-02-25,Lunes,Febrero,2,25,2019
423,2019-02-26,Martes,Febrero,2,26,2019
424,2019-02-27,Miercoles,Febrero,2,27,2019
425,2019-02-28,Jueves,Febrero,2,28,2019
426,2019-03-01,Viernes,Marzo,3,1,2019
427,2019-03-02,Sabado,Marzo,3,2,2019
428,2019-03-03,Domingo,Marzo,3,3,2019
429,2019-03-04,Lunes,Marzo,3,4,2019
430,2019-03-05,Martes,Marzo,3,5,2019
431,2019-03-06,Miercoles,Marzo,3,6,2019
432,2019-03-07,Jueves,Marzo,3,7,2019
433,2019-03-08,Viernes,Marzo,3,8,2019
434,2019-03-09,Sabado,Marzo,3,9,2019
435,2019-03-10,Domingo,Marzo,3,10,2019
436,2019-03-11,Lunes,Marzo,3,11,2019
437,2019-03-12,Martes,Marzo,3,12,2019
438,2019-03-13,Miercoles,Marzo,3,13,2019
439,2019-03-14,Jueves,Marzo,3,14,2019
440,2019-03-15,Viernes,Marzo,3,15,2019
441,2019-03-16,Sabado,Marzo,3,16,2019
442,2019-03-17,Domingo,Marzo,3,17,2019
443,2019-03-18,Lunes,Marzo,3,18,2019
444,2019-03-19,Martes,Marzo,3,19,2019
445,2019-03-20,Miercoles,Marzo,3,20,2019
446,2019-03-21,Jueves,Marzo,3,21,2019
447,2019-03-22,Viernes,Marzo,3,22,2019
448,2019-03-23,Sabado,Marzo,3,23,2019
449,2019-03-24,Domingo,Marzo,3,24,2019
450,2019-03-25,Lunes,Marzo,3,25,2019
451,2019-03-26,Martes,Marzo,3,26,2019
452,2019-03-27,Miercoles,Marzo,3,27,2019
453,2019-03-28,Jueves,Marzo,3,28,2019
454,2019-03-29,Viernes,Marzo,3,29,2019
455,2019-03-30,Sabado,Marzo,3,30,2019
456,2019-03-31,Domingo,Marzo,3,31,2019
457,2019-04-01,Lunes,Abril,4,1,2019
458,2019-04-02,Martes,Abril,4,2,2019
459,2019-04-03,Miercoles,Abril,4,3,2019
460,2019-04-04,Jueves,Abril,4,4,2019
461,2019-04-05,Viernes,Abril,4,5,2019
462,2019-04-06,Sabado,Abril,4,6,2019
463,2019-04-07,Domingo,Abril,4,7,2019
464,2019-04-08,Lunes,Abril,4,8,2019
465,2019-04-09,Martes,Abril,4,9,2019
466,2019-04-10,Miercoles,Abril,4,10,2019
467,2019-04-11,Jueves,Abril,4,11,2019
468,2019-04-12,Viernes,Abril,4,12,2019
469,2019-04-13,Sabado,Abril,4,13,2019
470,2019-04-14,Domingo,Abril,4,14,2019
471,2019-04-15,Lunes,Abril,4,15,2019
472,2019-04-16,Martes,Abril,4,16,2019
473,2019-04-17,Miercoles,Abril,4,17,2019
474,2019-04-18,Jueves,Abril,4,18,2019
475,2019-04-19,Viernes,Abril,4,19,2019
476,2019-04-20,Sabado,Abril,4,20,2019
477,2019-04-21,Domingo,Abril,4,21,2019
478,2019-04-22,Lunes,Abril,4,22,2019
479,2019-04-23,Martes,Abril,4,23,2019
480,2019-04-24,Miercoles,Abril,4,24,2019
481,2019-04-25,Jueves,Abril,4,25,2019
482,2019-04-26,Viernes,Abril,4,26,2019
483,2019-04-27,Sabado,Abril,4,27,2019
484,2019-04-28,Domingo,Abril,4,28,2019
485,2019-04-29,Lunes,Abril,4,29,2019
486,2019-04-30,Martes,Abril,4,30,2019
487,2019-05-01,Miercoles,Mayo,5,1,2019
488,2019-05-02,Jueves,Mayo,5,2,2019
489,2019-05-03,Viernes,Mayo,5,3,2019
490,2019-05-04,Sabado,Mayo,5,4,2019
491,2019-05-05,Domingo,Mayo,5,5,2019
492,2019-05-06,Lunes,Mayo,5,6,2019
493,2019-05-07,Martes,Mayo,5,7,2019
494,2019-05-08,Miercoles,Mayo,5,8,2019
495,2019-05-09,Jueves,Mayo,5,9,2019
496,2019-05-10,Viernes,Mayo,5,10,2019
497,2019-05-11,Sabado,Mayo,5,11,2019
498,2019-05-12,Domingo,Mayo,5,12,2019
499,2019-05-13,Lunes,Mayo,5,13,2019
500,2019-05-14,Martes,Mayo,5,14,2019
501,2019-05-15,Miercoles,Mayo,5,15,2019
502,2019-05-16,Jueves,Mayo,5,16,2019
503,2019-05-17,Viernes,Mayo,5,17,2019
504,2019-05-18,Sabado,Mayo,5,18,2019
505,2019-05-19,Domingo,Mayo,5,19,2019
506,2019-05-20,Lunes,Mayo,5,20,2019
507,2019-05-21,Martes,Mayo,5,21,2019
508,2019-05-22,Miercoles,Mayo,5,22,2019
509,2019-05-23,Jueves,Mayo,5,23,2019
510,2019-05-24,Viernes,Mayo,5,24,2019
511,2019-05-25,Sabado,Mayo,5,25,2019
512,2019-05-26,Domingo,Mayo,5,26,2019
513,2019-05-27,Lunes,Mayo,5,27,2019
514,2019-05-28,Martes,Mayo,5,28,2019
515,2019-05-29,Miercoles,Mayo,5,29,2019
516,2019-05-30,Jueves,Mayo,5,30,2019
517,2019-05-31,Viernes,Mayo,5,31,2019
518,2019-06-01,Sabado,Junio,6,1,2019
519,2019-06-02,Domingo,Junio,6,2,2019
520,2019-06-03,Lunes,Junio,6,3,2019
521,2019-06-04,Martes,Junio,6,4,2019
522,2019-06-05,Miercoles,Junio,6,5,2019
523,2019-06-06,Jueves,Junio,6,6,2019
524,2019-06-07,Viernes,Junio,6,7,2019
525,2019-06-08,Sabado,Junio,6,8,2019
526,2019-06-09,Domingo,Junio,6,9,2019
527,2019-06-10,Lunes,Junio,6,10,2019
528,2019-06-11,Martes,Junio,6,11,2019
529,2019-06-12,Miercoles,Junio,6,12,2019
530,2019-06-13,Jueves,Junio,6,13,2019
531,2019-06-14,Viernes,Junio,6,14,2019
532,2019-06-15,Sabado,Junio,6,15,2019
533,2019-06-16,Domingo,Junio,6,16,2019
534,2019-06-17,Lunes,Junio,6,17,2019
535,2019-06-18,Martes,Junio,6,18,2019
536,2019-06-19,Miercoles,Junio,6,19,2019
537,2019-06-20,Jueves,Junio,6,20,2019
538,2019-06-21,Viernes,Junio,6,21,2019
539,2019-06-22,Sabado,Junio,6,22,2019
540,2019-06-23,Domingo,Junio,6,23,2019
541,2019-06-24,Lunes,Junio,6,24,2019
542,2019-06-25,Martes,Junio,6,25,2019
543,2019-06-26,Miercoles,Junio,6,26,2019
544,2019-06-27,Jueves,Junio,6,27,2019
545,2019-06-28,Viernes,Junio,6,28,2019
546,2019-06-29,Sabado,Junio,6,29,2019
547,2019-06-30,Domingo,Junio,6,30,2019
548,2019-07-01,Lunes,Julio,7,1,2019
549,2019-07-02,Martes,Julio,7,2,2019
550,2019-07-03,Miercoles,Julio,7,3,2019
551,2019-07-04,Jueves,Julio,7,4,2019
552,2019-07-05,Viernes,Julio,7,5,2019
553,2019-07-06,Sabado,Julio,7,6,2019
554,2019-07-07,Domingo,Julio,7,7,2019
555,2019-07-08,Lunes,Julio,7,8,2019
556,2019-07-09,Martes,Julio,7,9,2019
557,2019-07-10,Miercoles,Julio,7,10,2019
558,2019-07-11,Jueves,Julio,7,11,2019
559,2019-07-12,Viernes,Julio,7,12,2019
560,2019-07-13,Sabado,Julio,7,13,2019
561,2019-07-14,Domingo,Julio,7,14,2019
562,2019-07-15,Lunes,Julio,7,15,2019
563,2019-07-16,Martes,Julio,7,16,2019
564,2019-07-17,Miercoles,Julio,7,17,2019
565,2019-07-18,Jueves,Julio,7,18,2019
566,2019-07-19,Viernes,Julio,7,19,2019
567,2019-07-20,Sabado,Julio,7,20,2019
568,2019-07-21,Domingo,Julio,7,21,2019
569,2019-07-22,Lunes,Julio,7,22,2019
570,2019-07-23,Martes,Julio,7,23,2019
571,2019-07-24,Miercoles,Julio,7,24,2019
572,2019-07-25,Jueves,Julio,7,25,2019
573,2019-07-26,Viernes,Julio,7,26,2019
574,2019-07-27,Sabado,Julio,7,27,2019
575,2019-07-28,Domingo,Julio,7,28,2019
576,2019-07-29,Lunes,Julio,7,29,2019
577,2019-07-30,Martes,Julio,7,30,2019
578,2019-07-31,Miercoles,Julio,7,31,2019
579,2019-08-01,Jueves,Agosto,8,1,2019
580,2019-08-02,Viernes,Agosto,8,2,2019
581,2019-08-03,Sabado,Agosto,8,3,2019
582,2019-08-04,Domingo,Agosto,8,4,2019
583,2019-08-05,Lunes,Agosto,8,5,2019
584,2019-08-06,Martes,Agosto,8,6,2019
585,2019-08-07,Miercoles,Agosto,8,7,2019
586,2019-08-08,Jueves,Agosto,8,8,2019
587,2019-08-09,Viernes,Agosto,8,9,2019
588,2019-08-10,Sabado,Agosto,8,10,2019
589,2019-08-11,Domingo,Agosto,8,11,2019
590,2019-08-12,Lunes,Agosto,8,12,2019
591,2019-08-13,Martes,Agosto,8,13,2019
592,2019-08-14,Miercoles,Agosto,8,14,2019
593,2019-08-15,Jueves,Agosto,8,15,2019
594,2019-08-16,Viernes,Agosto,8,16,2019
595,2019-08-17,Sabado,Agosto,8,17,2019
596,2019-08-18,Domingo,Agosto,8,18,2019
597,2019-08-19,Lunes,Agosto,8,19,2019
598,2019-08-20,Martes,Agosto,8,20,2019
599,2019-08-21,Miercoles,Agosto,8,21,2019
600,2019-08-22,Jueves,Agosto,8,22,2019
601,2019-08-23,Viernes,Agosto,8,23,2019
602,2019-08-24,Sabado,Agosto,8,24,2019
603,2019-08-25,Domingo,Agosto,8,25,2019
604,2019-08-26,Lunes,Agosto,8,26,2019
605,2019-08-27,Martes,Agosto,8,27,2019
606,2019-08-28,Miercoles,Agosto,8,28,2019
607,2019-08-29,Jueves,Agosto,8,29,2019
608,2019-08-30,Viernes,Agosto,8,30,2019
609,2019-08-31,Sabado,Agosto,8,31,2019
610,2019-09-01,Domingo,Septiembre,9,1,2019
611,2019-09-02,Lunes,Septiembre,9,2,2019
612,2019-09-03,Martes,Septiembre,9,3,2019
613,2019-09-04,Miercoles,Septiembre,9,4,2019
614,2019-09-05,Jueves,Septiembre,9,5,2019
615,2019-09-06,Viernes,Septiembre,9,6,2019
616,2019-09-07,Sabado,Septiembre,9,7,2019
617,2019-09-08,Domingo,Septiembre,9,8,2019
618,2019-09-09,Lunes,Septiembre,9,9,2019
619,2019-09-10,Martes,Septiembre,9,10,2019
620,2019-09-11,Miercoles,Septiembre,9,11,2019
621,2019-09-12,Jueves,Septiembre,9,12,2019
622,2019-09-13,Viernes,Septiembre,9,13,2019
623,2019-09-14,Sabado,Septiembre,9,14,2019
624,2019-09-15,Domingo,Septiembre,9,15,2019
625,2019-09-16,Lunes,Septiembre,9,16,2019
626,2019-09-17,Martes,Septiembre,9,17,2019
627,2019-09-18,Miercoles,Septiembre,9,18,2019
628,2019-09-19,Jueves,Septiembre,9,19,2019
629,2019-09-20,Viernes,Septiembre,9,20,2019
630,2019-09-21,Sabado,Septiembre,9,21,2019
631,2019-09-22,Domingo,Septiembre,9,22,2019
632,2019-09-23,Lunes,Septiembre,9,23,2019
633,2019-09-24,Martes,Septiembre,9,24,2019
634,2019-09-25,Miercoles,Septiembre,9,25,2019
635,2019-09-26,Jueves,Septiembre,9,26,2019
636,2019-09-27,Viernes,Septiembre,9,27,2019
637,2019-09-28,Sabado,Septiembre,9,28,2019
638,2019-09-29,Domingo,Septiembre,9,29,2019
639,2019-09-30,Lunes,Septiembre,9,30,2019
640,2019-10-01,Martes,Octubre,10,1,2019
641,2019-10-02,Miercoles,Octubre,10,2,2019
642,2019-10-03,Jueves,Octubre,10,3,2019
643,2019-10-04,Viernes,Octubre,10,4,2019
644,2019-10-05,Sabado,Octubre,10,5,2019
645,2019-10-06,Domingo,Octubre,10,6,2019
646,2019-10-07,Lunes,Octubre,10,7,2019
647,2019-10-08,Martes,Octubre,10,8,2019
648,2019-10-09,Miercoles,Octubre,10,9,2019
649,2019-10-10,Jueves,Octubre,10,10,2019
650,2019-10-11,Viernes,Octubre,10,11,2019
651,2019-10-12,Sabado,Octubre,10,12,2019
652,2019-10-13,Domingo,Octubre,10,13,2019
653,2019-10-14,Lunes,Octubre,10,14,2019
654,2019-10-15,Martes,Octubre,10,15,2019
655,2019-10-16,Miercoles,Octubre,10,16,2019
656,2019-10-17,Jueves,Octubre,10,17,2019
657,2019-10-18,Viernes,Octubre,10,18,2019
658,2019-10-19,Sabado,Octubre,10,19,2019
659,2019-10-20,Domingo,Octubre,10,20,2019
660,2019-10-21,Lunes,Octubre,10,21,2019
661,2019-10-22,Martes,Octubre,10,22,2019
662,2019-10-23,Miercoles,Octubre,10,23,2019
663,2019-10-24,Jueves,Octubre,10,24,2019
664,2019-10-25,Viernes,Octubre,10,25,2019
665,2019-10-26,Sabado,Octubre,10,26,2019
666,2019-10-27,Domingo,Octubre,10,27,2019
667,2019-10-28,Lunes,Octubre,10,28,2019
668,2019-10-29,Martes,Octubre,10,29,2019
669,2019-10-30,Miercoles,Octubre,10,30,2019
670,2019-10-31,Jueves,Octubre,10,31,2019
671,2019-11-01,Viernes,Noviembre,11,1,2019
672,2019-11-02,Sabado,Noviembre,11,2,2019
673,2019-11-03,Domingo,Noviembre,11,3,2019
674,2019-11-04,Lunes,Noviembre,11,4,2019
675,2019-11-05,Martes,Noviembre,11,5,2019
676,2019-11-06,Miercoles,Noviembre,11,6,2019
677,2019-11-07,Jueves,Noviembre,11,7,2019
678,2019-11-08,Viernes,Noviembre,11,8,2019
679,2019-11-09,Sabado,Noviembre,11,9,2019
680,2019-11-10,Domingo,Noviembre,11,10,2019
681,2019-11-11,Lunes,Noviembre,11,11,2019
682,2019-11-12,Martes,Noviembre,11,12,2019
683,2019-11-13,Miercoles,Noviembre,11,13,2019
684,2019-11-14,Jueves,Noviembre,11,14,2019
685,2019-11-15,Viernes,Noviembre,11,15,2019
686,2019-11-16,Sabado,Noviembre,11,16,2019
687,2019-11-17,Domingo,Noviembre,11,17,2019
688,2019-11-18,Lunes,Noviembre,11,18,2019
689,2019-11-19,Martes,Noviembre,11,19,2019
690,2019-11-20,Miercoles,Noviembre,11,20,2019
691,2019-11-21,Jueves,Noviembre,11,21,2019
692,2019-11-22,Viernes,Noviembre,11,22,2019
693,2019-11-23,Sabado,Noviembre,11,23,2019
694,2019-11-24,Domingo,Noviembre,11,24,2019
695,2019-11-25,Lunes,Noviembre,11,25,2019
696,2019-11-26,Martes,Noviembre,11,26,2019
697,2019-11-27,Miercoles,Noviembre,11,27,2019
698,2019-11-28,Jueves,Noviembre,11,28,2019
699,2019-11-29,Viernes,Noviembre,11,29,2019
700,2019-11-30,Sabado,Noviembre,11,30,2019
701,2019-12-01,Domingo,Diciembre,12,1,2019
702,2019-12-02,Lunes,Diciembre,12,2,2019
703,2019-12-03,Martes,Diciembre,12,3,2019
704,2019-12-04,Miercoles,Diciembre,12,4,2019
705,2019-12-05,Jueves,Diciembre,12,5,2019
706,2019-12-06,Viernes,Diciembre,12,6,2019
707,2019-12-07,Sabado,Diciembre,12,7,2019
708,2019-12-08,Domingo,Diciembre,12,8,2019
709,2019-12-09,Lunes,Diciembre,12,9,2019
710,2019-12-10,Martes,Diciembre,12,10,2019
711,2019-12-11,Miercoles,Diciembre,12,11,2019
712,2019-12-12,Jueves,Diciembre,12,12,2019
713,2019-12-13,Viernes,Diciembre,12,13,2019
714,2019-12-14,Sabado,Diciembre,12,14,2019
715,2019-12-15,Domingo,Diciembre,12,15,2019
716,2019-12-16,Lunes,Diciembre,12,16,2019
717,2019-12-17,Martes,Diciembre,12,17,2019
718,2019-12-18,Miercoles,Diciembre,12,18,2019
719,2019-12-19,Jueves,Diciembre,12,19,2019
720,2019-12-20,Viernes,Diciembre,12,20,2019
721,2019-12-21,Sabado,Diciembre,12,21,2019
722,2019-12-22,Domingo,Diciembre,12,22,2019
723,2019-12-23,Lunes,Diciembre,12,23,2019
724,2019-12-24,Martes,Diciembre,12,24,2019
725,2019-12-25,Miercoles,Diciembre,12,25,2019
726,2019-12-26,Jueves,Diciembre,12,26,2019
727,2019-12-27,Viernes,Diciembre,12,27,2019
728,2019-12-28,Sabado,Diciembre,12,28,2019
729,2019-12-29,Domingo,Diciembre,12,29,2019
730,2019-12-30,Lunes,Diciembre,12,30,2019
731,2019-12-31,Martes,Diciembre,12,31,2019
732,2020-01-01,Miercoles,Enero,1,1,2020
733,2020-01-02,Jueves,Enero,1,2,2020
734,2020-01-03,Viernes,Enero,1,3,2020
735,2020-01-04,Sabado,Enero,1,4,2020
736,2020-01-05,Domingo,Enero,1,5,2020
737,2020-01-06,Lunes,Enero,1,6,2020
738,2020-01-07,Martes,Enero,1,7,2020
739,2020-01-08,Miercoles,Enero,1,8,2020
740,2020-01-09,Jueves,Enero,1,9,2020
741,2020-01-10,Viernes,Enero,1,10,2020
742,2020-01-11,Sabado,Enero,1,11,2020
743,2020-01-12,Domingo,Enero,1,12,2020
744,2020-01-13,Lunes,Enero,1,13,2020
745,2020-01-14,Martes,Enero,1,14,2020
746,2020-01-15,Miercoles,Enero,1,15,2020
747,2020-01-16,Jueves,Enero,1,16,2020
748,2020-01-17,Viernes,Enero,1,17,2020
749,2020-01-18,Sabado,Enero,1,18,2020
750,2020-01-19,Domingo,Enero,1,19,2020
751,2020-01-20,Lunes,Enero,1,20,2020
752,2020-01-21,Martes,Enero,1,21,2020
753,2020-01-22,Miercoles,Enero,1,22,2020
754,2020-01-23,Jueves,Enero,1,23,2020
755,2020-01-24,Viernes,Enero,1,24,2020
756,2020-01-25,Sabado,Enero,1,25,2020
757,2020-01-26,Domingo,Enero,1,26,2020
758,2020-01-27,Lunes,Enero,1,27,2020
759,2020-01-28,Martes,Enero,1,28,2020
760,2020-01-29,Miercoles,Enero,1,29,2020
761,2020-01-30,Jueves,Enero,1,30,2020
762,2020-01-31,Viernes,Enero,1,31,2020
763,2020-02-01,Sabado,Febrero,2,1,2020
764,2020-02-02,Domingo,Febrero,2,2,2020
765,2020-02-03,Lunes,Febrero,2,3,2020
766,2020-02-04,Martes,Febrero,2,4,2020
767,2020-02-05,Miercoles,Febrero,2,5,2020
768,2020-02-06,Jueves,Febrero,2,6,2020
769,2020-02-07,Viernes,Febrero,2,7,2020
770,2020-02-08,Sabado,Febrero,2,8,2020
771,2020-02-09,Domingo,Febrero,2,9,2020
772,2020-02-10,Lunes,Febrero,2,10,2020
773,2020-02-11,Martes,Febrero,2,11,2020
774,2020-02-12,Miercoles,Febrero,2,12,2020
775,2020-02-13,Jueves,Febrero,2,13,2020
776,2020-02-14,Viernes,Febrero,2,14,2020
777,2020-02-15,Sabado,Febrero,2,15,2020
778,2020-02-16,Domingo,Febrero,2,16,2020
779,2020-02-17,Lunes,Febrero,2,17,2020
780,2020-02-18,Martes,Febrero,2,18,2020
781,2020-02-19,Miercoles,Febrero,2,19,2020
782,2020-02-20,Jueves,Febrero,2,20,2020
783,2020-02-21,Viernes,Febrero,2,21,2020
784,2020-02-22,Sabado,Febrero,2,22,2020
785,2020-02-23,Domingo,Febrero,2,23,2020
786,2020-02-24,Lunes,Febrero,2,24,2020
787,2020-02-25,Martes,Febrero,2,25,2020
788,2020-02-26,Miercoles,Febrero,2,26,2020
789,2020-02-27,Jueves,Febrero,2,27,2020
790,2020-02-28,Viernes,Febrero,2,28,2020
791,2020-02-29,Sabado,Febrero,2,29,2020
792,2020-03-01,Domingo,Marzo,3,1,2020
793,2020-03-02,Lunes,Marzo,3,2,2020
794,2020-03-03,Martes,Marzo,3,3,2020
795,2020-03-04,Miercoles,Marzo,3,4,2020
796,2020-03-05,Jueves,Marzo,3,5,2020
797,2020-03-06,Viernes,Marzo,3,6,2020
798,2020-03-07,Sabado,Marzo,3,7,2020
799,2020-03-08,Domingo,Marzo,3,8,2020
800,2020-03-09,Lunes,Marzo,3,9,2020
801,2020-03-10,Martes,Marzo,3,10,2020
802,2020-03-11,Miercoles,Marzo,3,11,2020
803,2020-03-12,Jueves,Marzo,3,12,2020
804,2020-03-13,Viernes,Marzo,3,13,2020
805,2020-03-14,Sabado,Marzo,3,14,2020
806,2020-03-15,Domingo,Marzo,3,15,2020
807,2020-03-16,Lunes,Marzo,3,16,2020
808,2020-03-17,Martes,Marzo,3,17,2020
809,2020-03-18,Miercoles,Marzo,3,18,2020
810,2020-03-19,Jueves,Marzo,3,19,2020
811,2020-03-20,Viernes,Marzo,3,20,2020
812,2020-03-21,Sabado,Marzo,3,21,2020
813,2020-03-22,Domingo,Marzo,3,22,2020
814,2020-03-23,Lunes,Marzo,3,23,2020
815,2020-03-24,Martes,Marzo,3,24,2020
816,2020-03-25,Miercoles,Marzo,3,25,2020
817,2020-03-26,Jueves,Marzo,3,26,2020
818,2020-03-27,Viernes,Marzo,3,27,2020
819,2020-03-28,Sabado,Marzo,3,28,2020
820,2020-03-29,Domingo,Marzo,3,29,2020
821,2020-03-30,Lunes,Marzo,3,30,2020
822,2020-03-31,Martes,Marzo,3,31,2020
823,2020-04-01,Miercoles,Abril,4,1,2020
824,2020-04-02,Jueves,Abril,4,2,2020
825,2020-04-03,Viernes,Abril,4,3,2020
826,2020-04-04,Sabado,Abril,4,4,2020
827,2020-04-05,Domingo,Abril,4,5,2020
828,2020-04-06,Lunes,Abril,4,6,2020
829,2020-04-07,Martes,Abril,4,7,2020
830,2020-04-08,Miercoles,Abril,4,8,2020
831,2020-04-09,Jueves,Abril,4,9,2020
832,2020-04-10,Viernes,Abril,4,10,2020
833,2020-04-11,Sabado,Abril,4,11,2020
834,2020-04-12,Domingo,Abril,4,12,2020
835,2020-04-13,Lunes,Abril,4,13,2020
836,2020-04-14,Martes,Abril,4,14,2020
837,2020-04-15,Miercoles,Abril,4,15,2020
838,2020-04-16,Jueves,Abril,4,16,2020
839,2020-04-17,Viernes,Abril,4,17,2020
840,2020-04-18,Sabado,Abril,4,18,2020
841,2020-04-19,Domingo,Abril,4,19,2020
842,2020-04-20,Lunes,Abril,4,20,2020
843,2020-04-21,Martes,Abril,4,21,2020
844,2020-04-22,Miercoles,Abril,4,22,2020
845,2020-04-23,Jueves,Abril,4,23,2020
846,2020-04-24,Viernes,Abril,4,24,2020
847,2020-04-25,Sabado,Abril,4,25,2020
848,2020-04-26,Domingo,Abril,4,26,2020
849,2020-04-27,Lunes,Abril,4,27,2020
850,2020-04-28,Martes,Abril,4,28,2020
851,2020-04-29,Miercoles,Abril,4,29,2020
852,2020-04-30,Jueves,Abril,4,30,2020
853,2020-05-01,Viernes,Mayo,5,1,2020
854,2020-05-02,Sabado,Mayo,5,2,2020
855,2020-05-03,Domingo,Mayo,5,3,2020
856,2020-05-04,Lunes,Mayo,5,4,2020
857,2020-05-05,Martes,Mayo,5,5,2020
858,2020-05-06,Miercoles,Mayo,5,6,2020
859,2020-05-07,Jueves,Mayo,5,7,2020
860,2020-05-08,Viernes,Mayo,5,8,2020
861,2020-05-09,Sabado,Mayo,5,9,2020
862,2020-05-10,Domingo,Mayo,5,10,2020
863,2020-05-11,Lunes,Mayo,5,11,2020
864,2020-05-12,Martes,Mayo,5,12,2020
865,2020-05-13,Miercoles,Mayo,5,13,2020
866,2020-05-14,Jueves,Mayo,5,14,2020
867,2020-05-15,Viernes,Mayo,5,15,2020
868,2020-05-16,Sabado,Mayo,5,16,2020
869,2020-05-17,Domingo,Mayo,5,17,2020
870,2020-05-18,Lunes,Mayo,5,18,2020
871,2020-05-19,Martes,Mayo,5,19,2020
872,2020-05-20,Miercoles,Mayo,5,20,2020
873,2020-05-21,Jueves,Mayo,5,21,2020
874,2020-05-22,Viernes,Mayo,5,22,2020
875,2020-05-23,Sabado,Mayo,5,23,2020
876,2020-05-24,Domingo,Mayo,5,24,2020
877,2020-05-25,Lunes,Mayo,5,25,2020
878,2020-05-26,Martes,Mayo,5,26,2020
879,2020-05-27,Miercoles,Mayo,5,27,2020
880,2020-05-28,Jueves,Mayo,5,28,2020
881,2020-05-29,Viernes,Mayo,5,29,2020
882,2020-05-30,Sabado,Mayo,5,30,2020
883,2020-05-31,Domingo,Mayo,5,31,2020
884,2020-06-01,Lunes,Junio,6,1,2020
885,2020-06-02,Martes,Junio,6,2,2020
886,2020-06-03,Miercoles,Junio,6,3,2020
887,2020-06-04,Jueves,Junio,6,4,2020
888,2020-06-05,Viernes,Junio,6,5,2020
889,2020-06-06,Sabado,Junio,6,6,2020
890,2020-06-07,Domingo,Junio,6,7,2020
891,2020-06-08,Lunes,Junio,6,8,2020
892,2020-06-09,Martes,Junio,6,9,2020
893,2020-06-10,Miercoles,Junio,6,10,2020
894,2020-06-11,Jueves,Junio,6,11,2020
895,2020-06-12,Viernes,Junio,6,12,2020
896,2020-06-13,Sabado,Junio,6,13,2020
897,2020-06-14,Domingo,Junio,6,14,2020
898,2020-06-15,Lunes,Junio,6,15,2020
899,2020-06-16,Martes,Junio,6,16,2020
900,2020-06-17,Miercoles,Junio,6,17,2020
901,2020-06-18,Jueves,Junio,6,18,2020
902,2020-06-19,Viernes,Junio,6,19,2020
903,2020-06-20,Sabado,Junio,6,20,2020
904,2020-06-21,Domingo,Junio,6,21,2020
905,2020-06-22,Lunes,Junio,6,22,2020
906,2020-06-23,Martes,Junio,6,23,2020
907,2020-06-24,Miercoles,Junio,6,24,2020
908,2020-06-25,Jueves,Junio,6,25,2020
909,2020-06-26,Viernes,Junio,6,26,2020
910,2020-06-27,Sabado,Junio,6,27,2020
911,2020-06-28,Domingo,Junio,6,28,2020
912,2020-06-29,Lunes,Junio,6,29,2020
913,2020-06-30,Martes,Junio,6,30,2020
914,2020-07-01,Miercoles,Julio,7,1,2020
915,2020-07-02,Jueves,Julio,7,2,2020
916,2020-07-03,Viernes,Julio,7,3,2020
917,2020-07-04,Sabado,Julio,7,4,2020
918,2020-07-05,Domingo,Julio,7,5,2020
919,2020-07-06,Lunes,Julio,7,6,2020
920,2020-07-07,Martes,Julio,7,7,2020
921,2020-07-08,Miercoles,Julio,7,8,2020
922,2020-07-09,Jueves,Julio,7,9,2020
923,2020-07-10,Viernes,Julio,7,10,2020
924,2020-07-11,Sabado,Julio,7,11,2020
925,2020-07-12,Domingo,Julio,7,12,2020
926,2020-07-13,Lunes,Julio,7,13,2020
927,2020-07-14,Martes,Julio,7,14,2020
928,2020-07-15,Miercoles,Julio,7,15,2020
929,2020-07-16,Jueves,Julio,7,16,2020
930,2020-07-17,Viernes,Julio,7,17,2020
931,2020-07-18,Sabado,Julio,7,18,2020
932,2020-07-19,Domingo,Julio,7,19,2020
933,2020-07-20,Lunes,Julio,7,20,2020
934,2020-07-21,Martes,Julio,7,21,2020
935,2020-07-22,Miercoles,Julio,7,22,2020
936,2020-07-23,Jueves,Julio,7,23,2020
937,2020-07-24,Viernes,Julio,7,24,2020
938,2020-07-25,Sabado,Julio,7,25,2020
939,2020-07-26,Domingo,Julio,7,26,2020
940,2020-07-27,Lunes,Julio,7,27,2020
941,2020-07-28,Martes,Julio,7,28,2020
942,2020-07-29,Miercoles,Julio,7,29,2020
943,2020-07-30,Jueves,Julio,7,30,2020
944,2020-07-31,Viernes,Julio,7,31,2020
945,2020-08-01,Sabado,Agosto,8,1,2020
946,2020-08-02,Domingo,Agosto,8,2,2020
947,2020-08-03,Lunes,Agosto,8,3,2020
948,2020-08-04,Martes,Agosto,8,4,2020
949,2020-08-05,Miercoles,Agosto,8,5,2020
950,2020-08-06,Jueves,Agosto,8,6,2020
951,2020-08-07,Viernes,Agosto,8,7,2020
952,2020-08-08,Sabado,Agosto,8,8,2020
953,2020-08-09,Domingo,Agosto,8,9,2020
954,2020-08-10,Lunes,Agosto,8,10,2020
955,2020-08-11,Martes,Agosto,8,11,2020
956,2020-08-12,Miercoles,Agosto,8,12,2020
957,2020-08-13,Jueves,Agosto,8,13,2020
958,2020-08-14,Viernes,Agosto,8,14,2020
959,2020-08-15,Sabado,Agosto,8,15,2020
960,2020-08-16,Domingo,Agosto,8,16,2020
961,2020-08-17,Lunes,Agosto,8,17,2020
962,2020-08-18,Martes,Agosto,8,18,2020
963,2020-08-19,Miercoles,Agosto,8,19,2020
964,2020-08-20,Jueves,Agosto,8,20,2020
965,2020-08-21,Viernes,Agosto,8,21,2020
966,2020-08-22,Sabado,Agosto,8,22,2020
967,2020-08-23,Domingo,Agosto,8,23,2020
968,2020-08-24,Lunes,Agosto,8,24,2020
969,2020-08-25,Martes,Agosto,8,25,2020
970,2020-08-26,Miercoles,Agosto,8,26,2020
971,2020-08-27,Jueves,Agosto,8,27,2020
972,2020-08-28,Viernes,Agosto,8,28,2020
973,2020-08-29,Sabado,Agosto,8,29,2020
974,2020-08-30,Domingo,Agosto,8,30,2020
975,2020-08-31,Lunes,Agosto,8,31,2020
976,2020-09-01,Martes,Septiembre,9,1,2020
977,2020-09-02,Miercoles,Septiembre,9,2,2020
978,2020-09-03,Jueves,Septiembre,9,3,2020
979,2020-09-04,Viernes,Septiembre,9,4,2020
980,2020-09-05,Sabado,Septiembre,9,5,2020
981,2020-09-06,Domingo,Septiembre,9,6,2020
982,2020-09-07,Lunes,Septiembre,9,7,2020
983,2020-09-08,Martes,Septiembre,9,8,2020
984,2020-09-09,Miercoles,Septiembre,9,9,2020
985,2020-09-10,Jueves,Septiembre,9,10,2020
986,2020-09-11,Viernes,Septiembre,9,11,2020
987,2020-09-12,Sabado,Septiembre,9,12,2020
988,2020-09-13,Domingo,Septiembre,9,13,2020
989,2020-09-14,Lunes,Septiembre,9,14,2020
990,2020-09-15,Martes,Septiembre,9,15,2020
991,2020-09-16,Miercoles,Septiembre,9,16,2020
992,2020-09-17,Jueves,Septiembre,9,17,2020
993,2020-09-18,Viernes,Septiembre,9,18,2020
994,2020-09-19,Sabado,Septiembre,9,19,2020
995,2020-09-20,Domingo,Septiembre,9,20,2020
996,2020-09-21,Lunes,Septiembre,9,21,2020
997,2020-09-22,Martes,Septiembre,9,22,2020
998,2020-09-23,Miercoles,Septiembre,9,23,2020
999,2020-09-24,Jueves,Septiembre,9,24,2020
1000,2020-09-25,Viernes,Septiembre,9,25,2020
1001,2020-09-26,Sabado,Septiembre,9,26,2020
1002,2020-09-27,Domingo,Septiembre,9,27,2020
1003,2020-09-28,Lunes,Septiembre,9,28,2020
1004,2020-09-29,Martes,Septiembre,9,29,2020
1005,2020-09-30,Miercoles,Septiembre,9,30,2020
1006,2020-10-01,Jueves,Octubre,10,1,2020
1007,2020-10-02,Viernes,Octubre,10,2,2020
1008,2020-10-03,Sabado,Octubre,10,3,2020
1009,2020-10-04,Domingo,Octubre,10,4,2020
1010,2020-10-05,Lunes,Octubre,10,5,2020
1011,2020-10-06,Martes,Octubre,10,6,2020
1012,2020-10-07,Miercoles,Octubre,10,7,2020
1013,2020-10-08,Jueves,Octubre,10,8,2020
1014,2020-10-09,Viernes,Octubre,10,9,2020
1015,2020-10-10,Sabado,Octubre,10,10,2020
1016,2020-10-11,Domingo,Octubre,10,11,2020
1017,2020-10-12,Lunes,Octubre,10,12,2020
1018,2020-10-13,Martes,Octubre,10,13,2020
1019,2020-10-14,Miercoles,Octubre,10,14,2020
1020,2020-10-15,Jueves,Octubre,10,15,2020
1021,2020-10-16,Viernes,Octubre,10,16,2020
1022,2020-10-17,Sabado,Octubre,10,17,2020
1023,2020-10-18,Domingo,Octubre,10,18,2020
1024,2020-10-19,Lunes,Octubre,10,19,2020
1025,2020-10-20,Martes,Octubre,10,20,2020
1026,2020-10-21,Miercoles,Octubre,10,21,2020
1027,2020-10-22,Jueves,Octubre,10,22,2020
1028,2020-10-23,Viernes,Octubre,10,23,2020
1029,2020-10-24,Sabado,Octubre,10,24,2020
1030,2020-10-25,Domingo,Octubre,10,25,2020
1031,2020-10-26,Lunes,Octubre,10,26,2020
1032,2020-10-27,Martes,Octubre,10,27,2020
1033,2020-10-28,Miercoles,Octubre,10,28,2020
1034,2020-10-29,Jueves,Octubre,10,29,2020
1035,2020-10-30,Viernes,Octubre,10,30,2020
1036,2020-10-31,Sabado,Octubre,10,31,2020
1037,2020-11-01,Domingo,Noviembre,11,1,2020
1038,2020-11-02,Lunes,Noviembre,11,2,2020
1039,2020-11-03,Martes,Noviembre,11,3,2020
1040,2020-11-04,Miercoles,Noviembre,11,4,2020
1041,2020-11-05,Jueves,Noviembre,11,5,2020
1042,2020-11-06,Viernes,Noviembre,11,6,2020
1043,2020-11-07,Sabado,Noviembre,11,7,2020
1044,2020-11-08,Domingo,Noviembre,11,8,2020
1045,2020-11-09,Lunes,Noviembre,11,9,2020
1046,2020-11-10,Martes,Noviembre,11,10,2020
1047,2020-11-11,Miercoles,Noviembre,11,11,2020
1048,2020-11-12,Jueves,Noviembre,11,12,2020
1049,2020-11-13,Viernes,Noviembre,11,13,2020
1050,2020-11-14,Sabado,Noviembre,11,14,2020
1051,2020-11-15,Domingo,Noviembre,11,15,2020
1052,2020-11-16,Lunes,Noviembre,11,16,2020
1053,2020-11-17,Martes,Noviembre,11,17,2020
1054,2020-11-18,Miercoles,Noviembre,11,18,2020
1055,2020-11-19,Jueves,Noviembre,11,19,2020
1056,2020-11-20,Viernes,Noviembre,11,20,2020
1057,2020-11-21,Sabado,Noviembre,11,21,2020
1058,2020-11-22,Domingo,Noviembre,11,22,2020
1059,2020-11-23,Lunes,Noviembre,11,23,2020
1060,2020-11-24,Martes,Noviembre,11,24,2020
1061,2020-11-25,Miercoles,Noviembre,11,25,2020
1062,2020-11-26,Jueves,Noviembre,11,26,2020
1063,2020-11-27,Viernes,Noviembre,11,27,2020
1064,2020-11-28,Sabado,Noviembre,11,28,2020
1065,2020-11-29,Domingo,Noviembre,11,29,2020
1066,2020-11-30,Lunes,Noviembre,11,30,2020
1067,2020-12-01,Martes,Diciembre,12,1,2020
1068,2020-12-02,Miercoles,Diciembre,12,2,2020
1069,2020-12-03,Jueves,Diciembre,12,3,2020
1070,2020-12-04,Viernes,Diciembre,12,4,2020
1071,2020-12-05,Sabado,Diciembre,12,5,2020
1072,2020-12-06,Domingo,Diciembre,12,6,2020
1073,2020-12-07,Lunes,Diciembre,12,7,2020
1074,2020-12-08,Martes,Diciembre,12,8,2020
1075,2020-12-09,Miercoles,Diciembre,12,9,2020
1076,2020-12-10,Jueves,Diciembre,12,10,2020
1077,2020-12-11,Viernes,Diciembre,12,11,2020
1078,2020-12-12,Sabado,Diciembre,12,12,2020
1079,2020-12-13,Domingo,Diciembre,12,13,2020
1080,2020-12-14,Lunes,Diciembre,12,14,2020
1081,2020-12-15,Martes,Diciembre,12,15,2020
1082,2020-12-16,Miercoles,Diciembre,12,16,2020
1083,2020-12-17,Jueves,Diciembre,12,17,2020
1084,2020-12-18,Viernes,Diciembre,12,18,2020
1085,2020-12-19,Sabado,Diciembre,12,19,2020
1086,2020-12-20,Domingo,Diciembre,12,20,2020
1087,2020-12-21,Lunes,Diciembre,12,21,2020
1088,2020-12-22,Martes,Diciembre,12,22,2020
1089,2020-12-23,Miercoles,Diciembre,12,23,2020
1090,2020-12-24,Jueves,Diciembre,12,24,2020
1091,2020-12-25,Viernes,Diciembre,12,25,2020
1092,2020-12-26,Sabado,Diciembre,12,26,2020
1093,2020-12-27,Domingo,Diciembre,12,27,2020
1094,2020-12-28,Lunes,Diciembre,12,28,2020
1095,2020-12-29,Martes,Diciembre,12,29,2020
1096,2020-12-30,Miercoles,Diciembre,12,30,2020
1097,2020-12-31,Jueves,Diciembre,12,31,2020
1098,2021-01-01,Viernes,Enero,1,1,2021
1099,2021-01-02,Sabado,Enero,1,2,2021
1100,2021-01-03,Domingo,Enero,1,3,2021
1101,2021-01-04,Lunes,Enero,1,4,2021
1102,2021-01-05,Martes,Enero,1,5,2021
1103,2021-01-06,Miercoles,Enero,1,6,2021
1104,2021-01-07,Jueves,Enero,1,7,2021
1105,2021-01-08,Viernes,Enero,1,8,2021
1106,2021-01-09,Sabado,Enero,1,9,2021
1107,2021-01-10,Domingo,Enero,1,10,2021
1108,2021-01-11,Lunes,Enero,1,11,2021
1109,2021-01-12,Martes,Enero,1,12,2021
1110,2021-01-13,Miercoles,Enero,1,13,2021
1111,2021-01-14,Jueves,Enero,1,14,2021
1112,2021-01-15,Viernes,Enero,1,15,2021
1113,2021-01-16,Sabado,Enero,1,16,2021
1114,2021-01-17,Domingo,Enero,1,17,2021
1115,2021-01-18,Lunes,Enero,1,18,2021
1116,2021-01-19,Martes,Enero,1,19,2021
1117,2021-01-20,Miercoles,Enero,1,20,2021
1118,2021-01-21,Jueves,Enero,1,21,2021
1119,2021-01-22,Viernes,Enero,1,22,2021
1120,2021-01-23,Sabado,Enero,1,23,2021
1121,2021-01-24,Domingo,Enero,1,24,2021
1122,2021-01-25,Lunes,Enero,1,25,2021
1123,2021-01-26,Martes,Enero,1,26,2021
1124,2021-01-27,Miercoles,Enero,1,27,2021
1125,2021-01-28,Jueves,Enero,1,28,2021
1126,2021-01-29,Viernes,Enero,1,29,2021
1127,2021-01-30,Sabado,Enero,1,30,2021
1128,2021-01-31,Domingo,Enero,1,31,2021
1129,2021-02-01,Lunes,Febrero,2,1,2021
1130,2021-02-02,Martes,Febrero,2,2,2021
1131,2021-02-03,Miercoles,Febrero,2,3,2021
1132,2021-02-04,Jueves,Febrero,2,4,2021
1133,2021-02-05,Viernes,Febrero,2,5,2021
1134,2021-02-06,Sabado,Febrero,2,6,2021
1135,2021-02-07,Domingo,Febrero,2,7,2021
1136,2021-02-08,Lunes,Febrero,2,8,2021
1137,2021-02-09,Martes,Febrero,2,9,2021
1138,2021-02-10,Miercoles,Febrero,2,10,2021
1139,2021-02-11,Jueves,Febrero,2,11,2021
1140,2021-02-12,Viernes,Febrero,2,12,2021
1141,2021-02-13,Sabado,Febrero,2,13,2021
1142,2021-02-14,Domingo,Febrero,2,14,2021
1143,2021-02-15,Lunes,Febrero,2,15,2021
1144,2021-02-16,Martes,Febrero,2,16,2021
1145,2021-02-17,Miercoles,Febrero,2,17,2021
1146,2021-02-18,Jueves,Febrero,2,18,2021
1147,2021-02-19,Viernes,Febrero,2,19,2021
1148,2021-02-20,Sabado,Febrero,2,20,2021
1149,2021-02-21,Domingo,Febrero,2,21,2021
1150,2021-02-22,Lunes,Febrero,2,22,2021
1151,2021-02-23,Martes,Febrero,2,23,2021
1152,2021-02-24,Miercoles,Febrero,2,24,2021
1153,2021-02-25,Jueves,Febrero,2,25,2021
1154,2021-02-26,Viernes,Febrero,2,26,2021
1155,2021-02-27,Sabado,Febrero,2,27,2021
1156,2021-02-28,Domingo,Febrero,2,28,2021
1157,2021-03-01,Lunes,Marzo,3,1,2021
1158,2021-03-02,Martes,Marzo,3,2,2021
1159,2021-03-03,Miercoles,Marzo,3,3,2021
1160,2021-03-04,Jueves,Marzo,3,4,2021
1161,2021-03-05,Viernes,Marzo,3,5,2021
1162,2021-03-06,Sabado,Marzo,3,6,2021
1163,2021-03-07,Domingo,Marzo,3,7,2021
1164,2021-03-08,Lunes,Marzo,3,8,2021
1165,2021-03-09,Martes,Marzo,3,9,2021
1166,2021-03-10,Miercoles,Marzo,3,10,2021
1167,2021-03-11,Jueves,Marzo,3,11,2021
1168,2021-03-12,Viernes,Marzo,3,12,2021
1169,2021-03-13,Sabado,Marzo,3,13,2021
1170,2021-03-14,Domingo,Marzo,3,14,2021
1171,2021-03-15,Lunes,Marzo,3,15,2021
1172,2021-03-16,Martes,Marzo,3,16,2021
1173,2021-03-17,Miercoles,Marzo,3,17,2021
1174,2021-03-18,Jueves,Marzo,3,18,2021
1175,2021-03-19,Viernes,Marzo,3,19,2021
1176,2021-03-20,Sabado,Marzo,3,20,2021
1177,2021-03-21,Domingo,Marzo,3,21,2021
1178,2021-03-22,Lunes,Marzo,3,22,2021
1179,2021-03-23,Martes,Marzo,3,23,2021
1180,2021-03-24,Miercoles,Marzo,3,24,2021
1181,2021-03-25,Jueves,Marzo,3,25,2021
1182,2021-03-26,Viernes,Marzo,3,26,2021
1183,2021-03-27,Sabado,Marzo,3,27,2021
1184,2021-03-28,Domingo,Marzo,3,28,2021
1185,2021-03-29,Lunes,Marzo,3,29,2021
1186,2021-03-30,Martes,Marzo,3,30,2021
1187,2021-03-31,Miercoles,Marzo,3,31,2021
1188,2021-04-01,Jueves,Abril,4,1,2021
1189,2021-04-02,Viernes,Abril,4,2,2021
1190,2021-04-03,Sabado,Abril,4,3,2021
1191,2021-04-04,Domingo,Abril,4,4,2021
1192,2021-04-05,Lunes,Abril,4,5,2021
1193,2021-04-06,Martes,Abril,4,6,2021
1194,2021-04-07,Miercoles,Abril,4,7,2021
1195,2021-04-08,Jueves,Abril,4,8,2021
1196,2021-04-09,Viernes,Abril,4,9,2021
1197,2021-04-10,Sabado,Abril,4,10,2021
1198,2021-04-11,Domingo,Abril,4,11,2021
1199,2021-04-12,Lunes,Abril,4,12,2021
1200,2021-04-13,Martes,Abril,4,13,2021
1201,2021-04-14,Miercoles,Abril,4,14,2021
1202,2021-04-15,Jueves,Abril,4,15,2021
1203,2021-04-16,Viernes,Abril,4,16,2021
1204,2021-04-17,Sabado,Abril,4,17,2021
1205,2021-04-18,Domingo,Abril,4,18,2021
1206,2021-04-19,Lunes,Abril,4,19,2021
1207,2021-04-20,Martes,Abril,4,20,2021
1208,2021-04-21,Miercoles,Abril,4,21,2021
1209,2021-04-22,Jueves,Abril,4,22,2021
1210,2021-04-23,Viernes,Abril,4,23,2021
1211,2021-04-24,Sabado,Abril,4,24,2021
1212,2021-04-25,Domingo,Abril,4,25,2021
1213,2021-04-26,Lunes,Abril,4,26,2021
1214,2021-04-27,Martes,Abril,4,27,2021
1215,2021-04-28,Miercoles,Abril,4,28,2021
1216,2021-04-29,Jueves,Abril,4,29,2021
1217,2021-04-30,Viernes,Abril,4,30,2021
1218,2021-05-01,Sabado,Mayo,5,1,2021
1219,2021-05-02,Domingo,Mayo,5,2,2021
1220,2021-05-03,Lunes,Mayo,5,3,2021
1221,2021-05-04,Martes,Mayo,5,4,2021
1222,2021-05-05,Miercoles,Mayo,5,5,2021
1223,2021-05-06,Jueves,Mayo,5,6,2021
1224,2021-05-07,Viernes,Mayo,5,7,2021
1225,2021-05-08,Sabado,Mayo,5,8,2021
1226,2021-05-09,Domingo,Mayo,5,9,2021
1227,2021-05-10,Lunes,Mayo,5,10,2021
1228,2021-05-11,Martes,Mayo,5,11,2021
1229,2021-05-12,Miercoles,Mayo,5,12,2021
1230,2021-05-13,Jueves,Mayo,5,13,2021
1231,2021-05-14,Viernes,Mayo,5,14,2021
1232,2021-05-15,Sabado,Mayo,5,15,2021
1233,2021-05-16,Domingo,Mayo,5,16,2021
1234,2021-05-17,Lunes,Mayo,5,17,2021
1235,2021-05-18,Martes,Mayo,5,18,2021
1236,2021-05-19,Miercoles,Mayo,5,19,2021
1237,2021-05-20,Jueves,Mayo,5,20,2021
1238,2021-05-21,Viernes,Mayo,5,21,2021
1239,2021-05-22,Sabado,Mayo,5,22,2021
1240,2021-05-23,Domingo,Mayo,5,23,2021
1241,2021-05-24,Lunes,Mayo,5,24,2021
1242,2021-05-25,Martes,Mayo,5,25,2021
1243,2021-05-26,Miercoles,Mayo,5,26,2021
1244,2021-05-27,Jueves,Mayo,5,27,2021
1245,2021-05-28,Viernes,Mayo,5,28,2021
1246,2021-05-29,Sabado,Mayo,5,29,2021
1247,2021-05-30,Domingo,Mayo,5,30,2021
1248,2021-05-31,Lunes,Mayo,5,31,2021
1249,2021-06-01,Martes,Junio,6,1,2021
1250,2021-06-02,Miercoles,Junio,6,2,2021
1251,2021-06-03,Jueves,Junio,6,3,2021
1252,2021-06-04,Viernes,Junio,6,4,2021
1253,2021-06-05,Sabado,Junio,6,5,2021
1254,2021-06-06,Domingo,Junio,6,6,2021
1255,2021-06-07,Lunes,Junio,6,7,2021
1256,2021-06-08,Martes,Junio,6,8,2021
1257,2021-06-09,Miercoles,Junio,6,9,2021
1258,2021-06-10,Jueves,Junio,6,10,2021
1259,2021-06-11,Viernes,Junio,6,11,2021
1260,2021-06-12,Sabado,Junio,6,12,2021
1261,2021-06-13,Domingo,Junio,6,13,2021
1262,2021-06-14,Lunes,Junio,6,14,2021
1263,2021-06-15,Martes,Junio,6,15,2021
1264,2021-06-16,Miercoles,Junio,6,16,2021
1265,2021-06-17,Jueves,Junio,6,17,2021
1266,2021-06-18,Viernes,Junio,6,18,2021
1267,2021-06-19,Sabado,Junio,6,19,2021
1268,2021-06-20,Domingo,Junio,6,20,2021
1269,2021-06-21,Lunes,Junio,6,21,2021
1270,2021-06-22,Martes,Junio,6,22,2021
1271,2021-06-23,Miercoles,Junio,6,23,2021
1272,2021-06-24,Jueves,Junio,6,24,2021
1273,2021-06-25,Viernes,Junio,6,25,2021
1274,2021-06-26,Sabado,Junio,6,26,2021
1275,2021-06-27,Domingo,Junio,6,27,2021
1276,2021-06-28,Lunes,Junio,6,28,2021
1277,2021-06-29,Martes,Junio,6,29,2021
1278,2021-06-30,Miercoles,Junio,6,30,2021
1279,2021-07-01,Jueves,Julio,7,1,2021
1280,2021-07-02,Viernes,Julio,7,2,2021
1281,2021-07-03,Sabado,Julio,7,3,2021
1282,2021-07-04,Domingo,Julio,7,4,2021
1283,2021-07-05,Lunes,Julio,7,5,2021
1284,2021-07-06,Martes,Julio,7,6,2021
1285,2021-07-07,Miercoles,Julio,7,7,2021
1286,2021-07-08,Jueves,Julio,7,8,2021
1287,2021-07-09,Viernes,Julio,7,9,2021
1288,2021-07-10,Sabado,Julio,7,10,2021
1289,2021-07-11,Domingo,Julio,7,11,2021
1290,2021-07-12,Lunes,Julio,7,12,2021
1291,2021-07-13,Martes,Julio,7,13,2021
1292,2021-07-14,Miercoles,Julio,7,14,2021
1293,2021-07-15,Jueves,Julio,7,15,2021
1294,2021-07-16,Viernes,Julio,7,16,2021
1295,2021-07-17,Sabado,Julio,7,17,2021
1296,2021-07-18,Domingo,Julio,7,18,2021
1297,2021-07-19,Lunes,Julio,7,19,2021
1298,2021-07-20,Martes,Julio,7,20,2021
1299,2021-07-21,Miercoles,Julio,7,21,2021
1300,2021-07-22,Jueves,Julio,7,22,2021
1301,2021-07-23,Viernes,Julio,7,23,2021
1302,2021-07-24,Sabado,Julio,7,24,2021
1303,2021-07-25,Domingo,Julio,7,25,2021
1304,2021-07-26,Lunes,Julio,7,26,2021
1305,2021-07-27,Martes,Julio,7,27,2021
1306,2021-07-28,Miercoles,Julio,7,28,2021
1307,2021-07-29,Jueves,Julio,7,29,2021
1308,2021-07-30,Viernes,Julio,7,30,2021
1309,2021-07-31,Sabado,Julio,7,31,2021
1310,2021-08-01,Domingo,Agosto,8,1,2021
1311,2021-08-02,Lunes,Agosto,8,2,2021
1312,2021-08-03,Martes,Agosto,8,3,2021
1313,2021-08-04,Miercoles,Agosto,8,4,2021
1314,2021-08-05,Jueves,Agosto,8,5,2021
1315,2021-08-06,Viernes,Agosto,8,6,2021
1316,2021-08-07,Sabado,Agosto,8,7,2021
1317,2021-08-08,Domingo,Agosto,8,8,2021
1318,2021-08-09,Lunes,Agosto,8,9,2021
1319,2021-08-10,Martes,Agosto,8,10,2021
1320,2021-08-11,Miercoles,Agosto,8,11,2021
1321,2021-08-12,Jueves,Agosto,8,12,2021
1322,2021-08-13,Viernes,Agosto,8,13,2021
1323,2021-08-14,Sabado,Agosto,8,14,2021
1324,2021-08-15,Domingo,Agosto,8,15,2021
1325,2021-08-16,Lunes,Agosto,8,16,2021
1326,2021-08-17,Martes,Agosto,8,17,2021
1327,2021-08-18,Miercoles,Agosto,8,18,2021
1328,2021-08-19,Jueves,Agosto,8,19,2021
1329,2021-08-20,Viernes,Agosto,8,20,2021
1330,2021-08-21,Sabado,Agosto,8,21,2021
1331,2021-08-22,Domingo,Agosto,8,22,2021
1332,2021-08-23,Lunes,Agosto,8,23,2021
1333,2021-08-24,Martes,Agosto,8,24,2021
1334,2021-08-25,Miercoles,Agosto,8,25,2021
1335,2021-08-26,Jueves,Agosto,8,26,2021
1336,2021-08-27,Viernes,Agosto,8,27,2021
1337,2021-08-28,Sabado,Agosto,8,28,2021
1338,2021-08-29,Domingo,Agosto,8,29,2021
1339,2021-08-30,Lunes,Agosto,8,30,2021
1340,2021-08-31,Martes,Agosto,8,31,2021
1341,2021-09-01,Miercoles,Septiembre,9,1,2021
1342,2021-09-02,Jueves,Septiembre,9,2,2021
1343,2021-09-03,Viernes,Septiembre,9,3,2021
1344,2021-09-04,Sabado,Septiembre,9,4,2021
1345,2021-09-05,Domingo,Septiembre,9,5,2021
1346,2021-09-06,Lunes,Septiembre,9,6,2021
1347,2021-09-07,Martes,Septiembre,9,7,2021
1348,2021-09-08,Miercoles,Septiembre,9,8,2021
1349,2021-09-09,Jueves,Septiembre,9,9,2021
1350,2021-09-10,Viernes,Septiembre,9,10,2021
1351,2021-09-11,Sabado,Septiembre,9,11,2021
1352,2021-09-12,Domingo,Septiembre,9,12,2021
1353,2021-09-13,Lunes,Septiembre,9,13,2021
1354,2021-09-14,Martes,Septiembre,9,14,2021
1355,2021-09-15,Miercoles,Septiembre,9,15,2021
1356,2021-09-16,Jueves,Septiembre,9,16,2021
1357,2021-09-17,Viernes,Septiembre,9,17,2021
1358,2021-09-18,Sabado,Septiembre,9,18,2021
1359,2021-09-19,Domingo,Septiembre,9,19,2021
1360,2021-09-20,Lunes,Septiembre,9,20,2021
1361,2021-09-21,Martes,Septiembre,9,21,2021
1362,2021-09-22,Miercoles,Septiembre,9,22,2021
1363,2021-09-23,Jueves,Septiembre,9,23,2021
1364,2021-09-24,Viernes,Septiembre,9,24,2021
1365,2021-09-25,Sabado,Septiembre,9,25,2021
1366,2021-09-26,Domingo,Septiembre,9,26,2021
1367,2021-09-27,Lunes,Septiembre,9,27,2021
1368,2021-09-28,Martes,Septiembre,9,28,2021
1369,2021-09-29,Miercoles,Septiembre,9,29,2021
1370,2021-09-30,Jueves,Septiembre,9,30,2021
1371,2021-10-01,Viernes,Octubre,10,1,2021
1372,2021-10-02,Sabado,Octubre,10,2,2021
1373,2021-10-03,Domingo,Octubre,10,3,2021
1374,2021-10-04,Lunes,Octubre,10,4,2021
1375,2021-10-05,Martes,Octubre,10,5,2021
1376,2021-10-06,Miercoles,Octubre,10,6,2021
1377,2021-10-07,Jueves,Octubre,10,7,2021
1378,2021-10-08,Viernes,Octubre,10,8,2021
1379,2021-10-09,Sabado,Octubre,10,9,2021
1380,2021-10-10,Domingo,Octubre,10,10,2021
1381,2021-10-11,Lunes,Octubre,10,11,2021
1382,2021-10-12,Martes,Octubre,10,12,2021
1383,2021-10-13,Miercoles,Octubre,10,13,2021
1384,2021-10-14,Jueves,Octubre,10,14,2021
1385,2021-10-15,Viernes,Octubre,10,15,2021
1386,2021-10-16,Sabado,Octubre,10,16,2021
1387,2021-10-17,Domingo,Octubre,10,17,2021
1388,2021-10-18,Lunes,Octubre,10,18,2021
1389,2021-10-19,Martes,Octubre,10,19,2021
1390,2021-10-20,Miercoles,Octubre,10,20,2021
1391,2021-10-21,Jueves,Octubre,10,21,2021
1392,2021-10-22,Viernes,Octubre,10,22,2021
1393,2021-10-23,Sabado,Octubre,10,23,2021
1394,2021-10-24,Domingo,Octubre,10,24,2021
1395,2021-10-25,Lunes,Octubre,10,25,2021
1396,2021-10-26,Martes,Octubre,10,26,2021
1397,2021-10-27,Miercoles,Octubre,10,27,2021
1398,2021-10-28,Jueves,Octubre,10,28,2021
1399,2021-10-29,Viernes,Octubre,10,29,2021
1400,2021-10-30,Sabado,Octubre,10,30,2021
1401,2021-10-31,Domingo,Octubre,10,31,2021
1402,2021-11-01,Lunes,Noviembre,11,1,2021
1403,2021-11-02,Martes,Noviembre,11,2,2021
1404,2021-11-03,Miercoles,Noviembre,11,3,2021
1405,2021-11-04,Jueves,Noviembre,11,4,2021
1406,2021-11-05,Viernes,Noviembre,11,5,2021
1407,2021-11-06,Sabado,Noviembre,11,6,2021
1408,2021-11-07,Domingo,Noviembre,11,7,2021
1409,2021-11-08,Lunes,Noviembre,11,8,2021
1410,2021-11-09,Martes,Noviembre,11,9,2021
1411,2021-11-10,Miercoles,Noviembre,11,10,2021
1412,2021-11-11,Jueves,Noviembre,11,11,2021
1413,2021-11-12,Viernes,Noviembre,11,12,2021
1414,2021-11-13,Sabado,Noviembre,11,13,2021
1415,2021-11-14,Domingo,Noviembre,11,14,2021
1416,2021-11-15,Lunes,Noviembre,11,15,2021
1417,2021-11-16,Martes,Noviembre,11,16,2021
1418,2021-11-17,Miercoles,Noviembre,11,17,2021
1419,2021-11-18,Jueves,Noviembre,11,18,2021
1420,2021-11-19,Viernes,Noviembre,11,19,2021
1421,2021-11-20,Sabado,Noviembre,11,20,2021
1422,2021-11-21,Domingo,Noviembre,11,21,2021
1423,2021-11-22,Lunes,Noviembre,11,22,2021
1424,2021-11-23,Martes,Noviembre,11,23,2021
1425,2021-11-24,Miercoles,Noviembre,11,24,2021
1426,2021-11-25,Jueves,Noviembre,11,25,2021
1427,2021-11-26,Viernes,Noviembre,11,26,2021
1428,2021-11-27,Sabado,Noviembre,11,27,2021
1429,2021-11-28,Domingo,Noviembre,11,28,2021
1430,2021-11-29,Lunes,Noviembre,11,29,2021
1431,2021-11-30,Martes,Noviembre,11,30,2021
1432,2021-12-01,Miercoles,Diciembre,12,1,2021
1433,2021-12-02,Jueves,Diciembre,12,2,2021
1434,2021-12-03,Viernes,Diciembre,12,3,2021
1435,2021-12-04,Sabado,Diciembre,12,4,2021
1436,2021-12-05,Domingo,Diciembre,12,5,2021
1437,2021-12-06,Lunes,Diciembre,12,6,2021
1438,2021-12-07,Martes,Diciembre,12,7,2021
1439,2021-12-08,Miercoles,Diciembre,12,8,2021
1440,2021-12-09,Jueves,Diciembre,12,9,2021
1441,2021-12-10,Viernes,Diciembre,12,10,2021
1442,2021-12-11,Sabado,Diciembre,12,11,2021
1443,2021-12-12,Domingo,Diciembre,12,12,2021
1444,2021-12-13,Lunes,Diciembre,12,13,2021
1445,2021-12-14,Martes,Diciembre,12,14,2021
1446,2021-12-15,Miercoles,Diciembre,12,15,2021
1447,2021-12-16,Jueves,Diciembre,12,16,2021
1448,2021-12-17,Viernes,Diciembre,12,17,2021
1449,2021-12-18,Sabado,Diciembre,12,18,2021
1450,2021-12-19,Domingo,Diciembre,12,19,2021
1451,2021-12-20,Lunes,Diciembre,12,20,2021
1452,2021-12-21,Martes,Diciembre,12,21,2021
1453,2021-12-22,Miercoles,Diciembre,12,22,2021
1454,2021-12-23,Jueves,Diciembre,12,23,2021
1455,2021-12-24,Viernes,Diciembre,12,24,2021
1456,2021-12-25,Sabado,Diciembre,12,25,2021
1457,2021-12-26,Domingo,Diciembre,12,26,2021
1458,2021-12-27,Lunes,Diciembre,12,27,2021
1459,2021-12-28,Martes,Diciembre,12,28,2021
1460,2021-12-29,Miercoles,Diciembre,12,29,2021
1461,2021-12-30,Jueves,Diciembre,12,30,2021
1462,2021-12-31,Viernes,Diciembre,12,31,2021
1463,2022-01-01,Sabado,Enero,1,1,2022
1464,2022-01-02,Domingo,Enero,1,2,2022
1465,2022-01-03,Lunes,Enero,1,3,2022
1466,2022-01-04,Martes,Enero,1,4,2022
1467,2022-01-05,Miercoles,Enero,1,5,2022
1468,2022-01-06,Jueves,Enero,1,6,2022
1469,2022-01-07,Viernes,Enero,1,7,2022
1470,2022-01-08,Sabado,Enero,1,8,2022
1471,2022-01-09,Domingo,Enero,1,9,2022
1472,2022-01-10,Lunes,Enero,1,10,2022
1473,2022-01-11,Martes,Enero,1,11,2022
1474,2022-01-12,Miercoles,Enero,1,12,2022
1475,2022-01-13,Jueves,Enero,1,13,2022
1476,2022-01-14,Viernes,Enero,1,14,2022
1477,2022-01-15,Sabado,Enero,1,15,2022
1478,2022-01-16,Domingo,Enero,1,16,2022
1479,2022-01-17,Lunes,Enero,1,17,2022
1480,2022-01-18,Martes,Enero,1,18,2022
1481,2022-01-19,Miercoles,Enero,1,19,2022
1482,2022-01-20,Jueves,Enero,1,20,2022
1483,2022-01-21,Viernes,Enero,1,21,2022
1484,2022-01-22,Sabado,Enero,1,22,2022
1485,2022-01-23,Domingo,Enero,1,23,2022
1486,2022-01-24,Lunes,Enero,1,24,2022
1487,2022-01-25,Martes,Enero,1,25,2022
1488,2022-01-26,Miercoles,Enero,1,26,2022
1489,2022-01-27,Jueves,Enero,1,27,2022
1490,2022-01-28,Viernes,Enero,1,28,2022
1491,2022-01-29,Sabado,Enero,1,29,2022
1492,2022-01-30,Domingo,Enero,1,30,2022
1493,2022-01-31,Lunes,Enero,1,31,2022
1494,2022-02-01,Martes,Febrero,2,1,2022
1495,2022-02-02,Miercoles,Febrero,2,2,2022
1496,2022-02-03,Jueves,Febrero,2,3,2022
1497,2022-02-04,Viernes,Febrero,2,4,2022
1498,2022-02-05,Sabado,Febrero,2,5,2022
1499,2022-02-06,Domingo,Febrero,2,6,2022
1500,2022-02-07,Lunes,Febrero,2,7,2022
1501,2022-02-08,Martes,Febrero,2,8,2022
1502,2022-02-09,Miercoles,Febrero,2,9,2022
1503,2022-02-10,Jueves,Febrero,2,10,2022
1504,2022-02-11,Viernes,Febrero,2,11,2022
1505,2022-02-12,Sabado,Febrero,2,12,2022
1506,2022-02-13,Domingo,Febrero,2,13,2022
1507,2022-02-14,Lunes,Febrero,2,14,2022
1508,2022-02-15,Martes,Febrero,2,15,2022
1509,2022-02-16,Miercoles,Febrero,2,16,2022
1510,2022-02-17,Jueves,Febrero,2,17,2022
1511,2022-02-18,Viernes,Febrero,2,18,2022
1512,2022-02-19,Sabado,Febrero,2,19,2022
1513,2022-02-20,Domingo,Febrero,2,20,2022
1514,2022-02-21,Lunes,Febrero,2,21,2022
1515,2022-02-22,Martes,Febrero,2,22,2022
1516,2022-02-23,Miercoles,Febrero,2,23,2022
1517,2022-02-24,Jueves,Febrero,2,24,2022
1518,2022-02-25,Viernes,Febrero,2,25,2022
1519,2022-02-26,Sabado,Febrero,2,26,2022
1520,2022-02-27,Domingo,Febrero,2,27,2022
1521,2022-02-28,Lunes,Febrero,2,28,2022
1522,2022-03-01,Martes,Marzo,3,1,2022
1523,2022-03-02,Miercoles,Marzo,3,2,2022
1524,2022-03-03,Jueves,Marzo,3,3,2022
1525,2022-03-04,Viernes,Marzo,3,4,2022
1526,2022-03-05,Sabado,Marzo,3,5,2022
1527,2022-03-06,Domingo,Marzo,3,6,2022
1528,2022-03-07,Lunes,Marzo,3,7,2022
1529,2022-03-08,Martes,Marzo,3,8,2022
1530,2022-03-09,Miercoles,Marzo,3,9,2022
1531,2022-03-10,Jueves,Marzo,3,10,2022
1532,2022-03-11,Viernes,Marzo,3,11,2022
1533,2022-03-12,Sabado,Marzo,3,12,2022
1534,2022-03-13,Domingo,Marzo,3,13,2022
1535,2022-03-14,Lunes,Marzo,3,14,2022
1536,2022-03-15,Martes,Marzo,3,15,2022
1537,2022-03-16,Miercoles,Marzo,3,16,2022
1538,2022-03-17,Jueves,Marzo,3,17,2022
1539,2022-03-18,Viernes,Marzo,3,18,2022
1540,2022-03-19,Sabado,Marzo,3,19,2022
1541,2022-03-20,Domingo,Marzo,3,20,2022
1542,2022-03-21,Lunes,Marzo,3,21,2022
1543,2022-03-22,Martes,Marzo,3,22,2022
1544,2022-03-23,Miercoles,Marzo,3,23,2022
1545,2022-03-24,Jueves,Marzo,3,24,2022
1546,2022-03-25,Viernes,Marzo,3,25,2022
1547,2022-03-26,Sabado,Marzo,3,26,2022
1548,2022-03-27,Domingo,Marzo,3,27,2022
1549,2022-03-28,Lunes,Marzo,3,28,2022
1550,2022-03-29,Martes,Marzo,3,29,2022
1551,2022-03-30,Miercoles,Marzo,3,30,2022
1552,2022-03-31,Jueves,Marzo,3,31,2022
1553,2022-04-01,Viernes,Abril,4,1,2022
1554,2022-04-02,Sabado,Abril,4,2,2022
1555,2022-04-03,Domingo,Abril,4,3,2022
1556,2022-04-04,Lunes,Abril,4,4,2022
1557,2022-04-05,Martes,Abril,4,5,2022
1558,2022-04-06,Miercoles,Abril,4,6,2022
1559,2022-04-07,Jueves,Abril,4,7,2022
1560,2022-04-08,Viernes,Abril,4,8,2022
1561,2022-04-09,Sabado,Abril,4,9,2022
1562,2022-04-10,Domingo,Abril,4,10,2022
1563,2022-04-11,Lunes,Abril,4,11,2022
1564,2022-04-12,Martes,Abril,4,12,2022
1565,2022-04-13,Miercoles,Abril,4,13,2022
1566,2022-04-14,Jueves,Abril,4,14,2022
1567,2022-04-15,Viernes,Abril,4,15,2022
1568,2022-04-16,Sabado,Abril,4,16,2022
1569,2022-04-17,Domingo,Abril,4,17,2022
1570,2022-04-18,Lunes,Abril,4,18,2022
1571,2022-04-19,Martes,Abril,4,19,2022
1572,2022-04-20,Miercoles,Abril,4,20,2022
1573,2022-04-21,Jueves,Abril,4,21,2022
1574,2022-04-22,Viernes,Abril,4,22,2022
1575,2022-04-23,Sabado,Abril,4,23,2022
1576,2022-04-24,Domingo,Abril,4,24,2022
1577,2022-04-25,Lunes,Abril,4,25,2022
1578,2022-04-26,Martes,Abril,4,26,2022
1579,2022-04-27,Miercoles,Abril,4,27,2022
1580,2022-04-28,Jueves,Abril,4,28,2022
1581,2022-04-29,Viernes,Abril,4,29,2022
1582,2022-04-30,Sabado,Abril,4,30,2022
1583,2022-05-01,Domingo,Mayo,5,1,2022
1584,2022-05-02,Lunes,Mayo,5,2,2022
1585,2022-05-03,Martes,Mayo,5,3,2022
1586,2022-05-04,Miercoles,Mayo,5,4,2022
1587,2022-05-05,Jueves,Mayo,5,5,2022
1588,2022-05-06,Viernes,Mayo,5,6,2022
1589,2022-05-07,Sabado,Mayo,5,7,2022
1590,2022-05-08,Domingo,Mayo,5,8,2022
1591,2022-05-09,Lunes,Mayo,5,9,2022
1592,2022-05-10,Martes,Mayo,5,10,2022
1593,2022-05-11,Miercoles,Mayo,5,11,2022
1594,2022-05-12,Jueves,Mayo,5,12,2022
1595,2022-05-13,Viernes,Mayo,5,13,2022
1596,2022-05-14,Sabado,Mayo,5,14,2022
1597,2022-05-15,Domingo,Mayo,5,15,2022
1598,2022-05-16,Lunes,Mayo,5,16,2022
1599,2022-05-17,Martes,Mayo,5,17,2022
1600,2022-05-18,Miercoles,Mayo,5,18,2022
1601,2022-05-19,Jueves,Mayo,5,19,2022
1602,2022-05-20,Viernes,Mayo,5,20,2022
1603,2022-05-21,Sabado,Mayo,5,21,2022
1604,2022-05-22,Domingo,Mayo,5,22,2022
1605,2022-05-23,Lunes,Mayo,5,23,2022
1606,2022-05-24,Martes,Mayo,5,24,2022
1607,2022-05-25,Miercoles,Mayo,5,25,2022
1608,2022-05-26,Jueves,Mayo,5,26,2022
1609,2022-05-27,Viernes,Mayo,5,27,2022
1610,2022-05-28,Sabado,Mayo,5,28,2022
1611,2022-05-29,Domingo,Mayo,5,29,2022
1612,2022-05-30,Lunes,Mayo,5,30,2022
1613,2022-05-31,Martes,Mayo,5,31,2022
1614,2022-06-01,Miercoles,Junio,6,1,2022
1615,2022-06-02,Jueves,Junio,6,2,2022
1616,2022-06-03,Viernes,Junio,6,3,2022
1617,2022-06-04,Sabado,Junio,6,4,2022
1618,2022-06-05,Domingo,Junio,6,5,2022
1619,2022-06-06,Lunes,Junio,6,6,2022
1620,2022-06-07,Martes,Junio,6,7,2022
1621,2022-06-08,Miercoles,Junio,6,8,2022
1622,2022-06-09,Jueves,Junio,6,9,2022
1623,2022-06-10,Viernes,Junio,6,10,2022
1624,2022-06-11,Sabado,Junio,6,11,2022
1625,2022-06-12,Domingo,Junio,6,12,2022
1626,2022-06-13,Lunes,Junio,6,13,2022
1627,2022-06-14,Martes,Junio,6,14,2022
1628,2022-06-15,Miercoles,Junio,6,15,2022
1629,2022-06-16,Jueves,Junio,6,16,2022
1630,2022-06-17,Viernes,Junio,6,17,2022
1631,2022-06-18,Sabado,Junio,6,18,2022
1632,2022-06-19,Domingo,Junio,6,19,2022
1633,2022-06-20,Lunes,Junio,6,20,2022
1634,2022-06-21,Martes,Junio,6,21,2022
1635,2022-06-22,Miercoles,Junio,6,22,2022
1636,2022-06-23,Jueves,Junio,6,23,2022
1637,2022-06-24,Viernes,Junio,6,24,2022
1638,2022-06-25,Sabado,Junio,6,25,2022
1639,2022-06-26,Domingo,Junio,6,26,2022
1640,2022-06-27,Lunes,Junio,6,27,2022
1641,2022-06-28,Martes,Junio,6,28,2022
1642,2022-06-29,Miercoles,Junio,6,29,2022
1643,2022-06-30,Jueves,Junio,6,30,2022
1644,2022-07-01,Viernes,Julio,7,1,2022
1645,2022-07-02,Sabado,Julio,7,2,2022
1646,2022-07-03,Domingo,Julio,7,3,2022
1647,2022-07-04,Lunes,Julio,7,4,2022
1648,2022-07-05,Martes,Julio,7,5,2022
1649,2022-07-06,Miercoles,Julio,7,6,2022
1650,2022-07-07,Jueves,Julio,7,7,2022
1651,2022-07-08,Viernes,Julio,7,8,2022
1652,2022-07-09,Sabado,Julio,7,9,2022
1653,2022-07-10,Domingo,Julio,7,10,2022
1654,2022-07-11,Lunes,Julio,7,11,2022
1655,2022-07-12,Martes,Julio,7,12,2022
1656,2022-07-13,Miercoles,Julio,7,13,2022
1657,2022-07-14,Jueves,Julio,7,14,2022
1658,2022-07-15,Viernes,Julio,7,15,2022
1659,2022-07-16,Sabado,Julio,7,16,2022
1660,2022-07-17,Domingo,Julio,7,17,2022
1661,2022-07-18,Lunes,Julio,7,18,2022
1662,2022-07-19,Martes,Julio,7,19,2022
1663,2022-07-20,Miercoles,Julio,7,20,2022
1664,2022-07-21,Jueves,Julio,7,21,2022
1665,2022-07-22,Viernes,Julio,7,22,2022
1666,2022-07-23,Sabado,Julio,7,23,2022
1667,2022-07-24,Domingo,Julio,7,24,2022
1668,2022-07-25,Lunes,Julio,7,25,2022
1669,2022-07-26,Martes,Julio,7,26,2022
1670,2022-07-27,Miercoles,Julio,7,27,2022
1671,2022-07-28,Jueves,Julio,7,28,2022
1672,2022-07-29,Viernes,Julio,7,29,2022
1673,2022-07-30,Sabado,Julio,7,30,2022
1674,2022-07-31,Domingo,Julio,7,31,2022
1675,2022-08-01,Lunes,Agosto,8,1,2022
1676,2022-08-02,Martes,Agosto,8,2,2022
1677,2022-08-03,Miercoles,Agosto,8,3,2022
1678,2022-08-04,Jueves,Agosto,8,4,2022
1679,2022-08-05,Viernes,Agosto,8,5,2022
1680,2022-08-06,Sabado,Agosto,8,6,2022
1681,2022-08-07,Domingo,Agosto,8,7,2022
1682,2022-08-08,Lunes,Agosto,8,8,2022
1683,2022-08-09,Martes,Agosto,8,9,2022
1684,2022-08-10,Miercoles,Agosto,8,10,2022
1685,2022-08-11,Jueves,Agosto,8,11,2022
1686,2022-08-12,Viernes,Agosto,8,12,2022
1687,2022-08-13,Sabado,Agosto,8,13,2022
1688,2022-08-14,Domingo,Agosto,8,14,2022
1689,2022-08-15,Lunes,Agosto,8,15,2022
1690,2022-08-16,Martes,Agosto,8,16,2022
1691,2022-08-17,Miercoles,Agosto,8,17,2022
1692,2022-08-18,Jueves,Agosto,8,18,2022
1693,2022-08-19,Viernes,Agosto,8,19,2022
1694,2022-08-20,Sabado,Agosto,8,20,2022
1695,2022-08-21,Domingo,Agosto,8,21,2022
1696,2022-08-22,Lunes,Agosto,8,22,2022
1697,2022-08-23,Martes,Agosto,8,23,2022
1698,2022-08-24,Miercoles,Agosto,8,24,2022
1699,2022-08-25,Jueves,Agosto,8,25,2022
1700,2022-08-26,Viernes,Agosto,8,26,2022
1701,2022-08-27,Sabado,Agosto,8,27,2022
1702,2022-08-28,Domingo,Agosto,8,28,2022
1703,2022-08-29,Lunes,Agosto,8,29,2022
1704,2022-08-30,Martes,Agosto,8,30,2022
1705,2022-08-31,Miercoles,Agosto,8,31,2022
1706,2022-09-01,Jueves,Septiembre,9,1,2022
1707,2022-09-02,Viernes,Septiembre,9,2,2022
1708,2022-09-03,Sabado,Septiembre,9,3,2022
1709,2022-09-04,Domingo,Septiembre,9,4,2022
1710,2022-09-05,Lunes,Septiembre,9,5,2022
1711,2022-09-06,Martes,Septiembre,9,6,2022
1712,2022-09-07,Miercoles,Septiembre,9,7,2022
1713,2022-09-08,Jueves,Septiembre,9,8,2022
1714,2022-09-09,Viernes,Septiembre,9,9,2022
1715,2022-09-10,Sabado,Septiembre,9,10,2022
1716,2022-09-11,Domingo,Septiembre,9,11,2022
1717,2022-09-12,Lunes,Septiembre,9,12,2022
1718,2022-09-13,Martes,Septiembre,9,13,2022
1719,2022-09-14,Miercoles,Septiembre,9,14,2022
1720,2022-09-15,Jueves,Septiembre,9,15,2022
1721,2022-09-16,Viernes,Septiembre,9,16,2022
1722,2022-09-17,Sabado,Septiembre,9,17,2022
1723,2022-09-18,Domingo,Septiembre,9,18,2022
1724,2022-09-19,Lunes,Septiembre,9,19,2022
1725,2022-09-20,Martes,Septiembre,9,20,2022
1726,2022-09-21,Miercoles,Septiembre,9,21,2022
1727,2022-09-22,Jueves,Septiembre,9,22,2022
1728,2022-09-23,Viernes,Septiembre,9,23,2022
1729,2022-09-24,Sabado,Septiembre,9,24,2022
1730,2022-09-25,Domingo,Septiembre,9,25,2022
1731,2022-09-26,Lunes,Septiembre,9,26,2022
1732,2022-09-27,Martes,Septiembre,9,27,2022
1733,2022-09-28,Miercoles,Septiembre,9,28,2022
1734,2022-09-29,Jueves,Septiembre,9,29,2022
1735,2022-09-30,Viernes,Septiembre,9,30,2022
1736,2022-10-01,Sabado,Octubre,10,1,2022
1737,2022-10-02,Domingo,Octubre,10,2,2022
1738,2022-10-03,Lunes,Octubre,10,3,2022
1739,2022-10-04,Martes,Octubre,10,4,2022
1740,2022-10-05,Miercoles,Octubre,10,5,2022
1741,2022-10-06,Jueves,Octubre,10,6,2022
1742,2022-10-07,Viernes,Octubre,10,7,2022
1743,2022-10-08,Sabado,Octubre,10,8,2022
1744,2022-10-09,Domingo,Octubre,10,9,2022
1745,2022-10-10,Lunes,Octubre,10,10,2022
1746,2022-10-11,Martes,Octubre,10,11,2022
1747,2022-10-12,Miercoles,Octubre,10,12,2022
1748,2022-10-13,Jueves,Octubre,10,13,2022
1749,2022-10-14,Viernes,Octubre,10,14,2022
1750,2022-10-15,Sabado,Octubre,10,15,2022
1751,2022-10-16,Domingo,Octubre,10,16,2022
1752,2022-10-17,Lunes,Octubre,10,17,2022
1753,2022-10-18,Martes,Octubre,10,18,2022
1754,2022-10-19,Miercoles,Octubre,10,19,2022
1755,2022-10-20,Jueves,Octubre,10,20,2022
1756,2022-10-21,Viernes,Octubre,10,21,2022
1757,2022-10-22,Sabado,Octubre,10,22,2022
1758,2022-10-23,Domingo,Octubre,10,23,2022
1759,2022-10-24,Lunes,Octubre,10,24,2022
1760,2022-10-25,Martes,Octubre,10,25,2022
1761,2022-10-26,Miercoles,Octubre,10,26,2022
1762,2022-10-27,Jueves,Octubre,10,27,2022
1763,2022-10-28,Viernes,Octubre,10,28,2022
1764,2022-10-29,Sabado,Octubre,10,29,2022
1765,2022-10-30,Domingo,Octubre,10,30,2022
1766,2022-10-31,Lunes,Octubre,10,31,2022
1767,2022-11-01,Martes,Noviembre,11,1,2022
1768,2022-11-02,Miercoles,Noviembre,11,2,2022
1769,2022-11-03,Jueves,Noviembre,11,3,2022
1770,2022-11-04,Viernes,Noviembre,11,4,2022
1771,2022-11-05,Sabado,Noviembre,11,5,2022
1772,2022-11-06,Domingo,Noviembre,11,6,2022
1773,2022-11-07,Lunes,Noviembre,11,7,2022
1774,2022-11-08,Martes,Noviembre,11,8,2022
1775,2022-11-09,Miercoles,Noviembre,11,9,2022
1776,2022-11-10,Jueves,Noviembre,11,10,2022
1777,2022-11-11,Viernes,Noviembre,11,11,2022
1778,2022-11-12,Sabado,Noviembre,11,12,2022
1779,2022-11-13,Domingo,Noviembre,11,13,2022
1780,2022-11-14,Lunes,Noviembre,11,14,2022
1781,2022-11-15,Martes,Noviembre,11,15,2022
1782,2022-11-16,Miercoles,Noviembre,11,16,2022
1783,2022-11-17,Jueves,Noviembre,11,17,2022
1784,2022-11-18,Viernes,Noviembre,11,18,2022
1785,2022-11-19,Sabado,Noviembre,11,19,2022
1786,2022-11-20,Domingo,Noviembre,11,20,2022
1787,2022-11-21,Lunes,Noviembre,11,21,2022
1788,2022-11-22,Martes,Noviembre,11,22,2022
1789,2022-11-23,Miercoles,Noviembre,11,23,2022
1790,2022-11-24,Jueves,Noviembre,11,24,2022
1791,2022-11-25,Viernes,Noviembre,11,25,2022
1792,2022-11-26,Sabado,Noviembre,11,26,2022
1793,2022-11-27,Domingo,Noviembre,11,27,2022
1794,2022-11-28,Lunes,Noviembre,11,28,2022
1795,2022-11-29,Martes,Noviembre,11,29,2022
1796,2022-11-30,Miercoles,Noviembre,11,30,2022
1797,2022-12-01,Jueves,Diciembre,12,1,2022
1798,2022-12-02,Viernes,Diciembre,12,2,2022
1799,2022-12-03,Sabado,Diciembre,12,3,2022
1800,2022-12-04,Domingo,Diciembre,12,4,2022
1801,2022-12-05,Lunes,Diciembre,12,5,2022
1802,2022-12-06,Martes,Diciembre,12,6,2022
1803,2022-12-07,Miercoles,Diciembre,12,7,2022
1804,2022-12-08,Jueves,Diciembre,12,8,2022
1805,2022-12-09,Viernes,Diciembre,12,9,2022
1806,2022-12-10,Sabado,Diciembre,12,10,2022
1807,2022-12-11,Domingo,Diciembre,12,11,2022
1808,2022-12-12,Lunes,Diciembre,12,12,2022
1809,2022-12-13,Martes,Diciembre,12,13,2022
1810,2022-12-14,Miercoles,Diciembre,12,14,2022
1811,2022-12-15,Jueves,Diciembre,12,15,2022
1812,2022-12-16,Viernes,Diciembre,12,16,2022
1813,2022-12-17,Sabado,Diciembre,12,17,2022
1814,2022-12-18,Domingo,Diciembre,12,18,2022
1815,2022-12-19,Lunes,Diciembre,12,19,2022
1816,2022-12-20,Martes,Diciembre,12,20,2022
1817,2022-12-21,Miercoles,Diciembre,12,21,2022
1818,2022-12-22,Jueves,Diciembre,12,22,2022
1819,2022-12-23,Viernes,Diciembre,12,23,2022
1820,2022-12-24,Sabado,Diciembre,12,24,2022
1821,2022-12-25,Domingo,Diciembre,12,25,2022
1822,2022-12-26,Lunes,Diciembre,12,26,2022
1823,2022-12-27,Martes,Diciembre,12,27,2022
1824,2022-12-28,Miercoles,Diciembre,12,28,2022
1825,2022-12-29,Jueves,Diciembre,12,29,2022
1826,2022-12-30,Viernes,Diciembre,12,30,2022
1827,2022-12-31,Sabado,Diciembre,12,31,2022
1828,2023-01-01,Domingo,Enero,1,1,2023
1829,2023-01-02,Lunes,Enero,1,2,2023
1830,2023-01-03,Martes,Enero,1,3,2023
1831,2023-01-04,Miercoles,Enero,1,4,2023
1832,2023-01-05,Jueves,Enero,1,5,2023
1833,2023-01-06,Viernes,Enero,1,6,2023
1834,2023-01-07,Sabado,Enero,1,7,2023
1835,2023-01-08,Domingo,Enero,1,8,2023
1836,2023-01-09,Lunes,Enero,1,9,2023
1837,2023-01-10,Martes,Enero,1,10,2023
1838,2023-01-11,Miercoles,Enero,1,11,2023
1839,2023-01-12,Jueves,Enero,1,12,2023
1840,2023-01-13,Viernes,Enero,1,13,2023
1841,2023-01-14,Sabado,Enero,1,14,2023
1842,2023-01-15,Domingo,Enero,1,15,2023
1843,2023-01-16,Lunes,Enero,1,16,2023
1844,2023-01-17,Martes,Enero,1,17,2023
1845,2023-01-18,Miercoles,Enero,1,18,2023
1846,2023-01-19,Jueves,Enero,1,19,2023
1847,2023-01-20,Viernes,Enero,1,20,2023
1848,2023-01-21,Sabado,Enero,1,21,2023
1849,2023-01-22,Domingo,Enero,1,22,2023
1850,2023-01-23,Lunes,Enero,1,23,2023
1851,2023-01-24,Martes,Enero,1,24,2023
1852,2023-01-25,Miercoles,Enero,1,25,2023
1853,2023-01-26,Jueves,Enero,1,26,2023
1854,2023-01-27,Viernes,Enero,1,27,2023
1855,2023-01-28,Sabado,Enero,1,28,2023
1856,2023-01-29,Domingo,Enero,1,29,2023
1857,2023-01-30,Lunes,Enero,1,30,2023
1858,2023-01-31,Martes,Enero,1,31,2023
1859,2023-02-01,Miercoles,Febrero,2,1,2023
1860,2023-02-02,Jueves,Febrero,2,2,2023
1861,2023-02-03,Viernes,Febrero,2,3,2023
1862,2023-02-04,Sabado,Febrero,2,4,2023
1863,2023-02-05,Domingo,Febrero,2,5,2023
1864,2023-02-06,Lunes,Febrero,2,6,2023
1865,2023-02-07,Martes,Febrero,2,7,2023
1866,2023-02-08,Miercoles,Febrero,2,8,2023
1867,2023-02-09,Jueves,Febrero,2,9,2023
1868,2023-02-10,Viernes,Febrero,2,10,2023
1869,2023-02-11,Sabado,Febrero,2,11,2023
1870,2023-02-12,Domingo,Febrero,2,12,2023
1871,2023-02-13,Lunes,Febrero,2,13,2023
1872,2023-02-14,Martes,Febrero,2,14,2023
1873,2023-02-15,Miercoles,Febrero,2,15,2023
1874,2023-02-16,Jueves,Febrero,2,16,2023
1875,2023-02-17,Viernes,Febrero,2,17,2023
1876,2023-02-18,Sabado,Febrero,2,18,2023
1877,2023-02-19,Domingo,Febrero,2,19,2023
1878,2023-02-20,Lunes,Febrero,2,20,2023
1879,2023-02-21,Martes,Febrero,2,21,2023
1880,2023-02-22,Miercoles,Febrero,2,22,2023
1881,2023-02-23,Jueves,Febrero,2,23,2023
1882,2023-02-24,Viernes,Febrero,2,24,2023
1883,2023-02-25,Sabado,Febrero,2,25,2023
1884,2023-02-26,Domingo,Febrero,2,26,2023
1885,2023-02-27,Lunes,Febrero,2,27,2023
1886,2023-02-28,Martes,Febrero,2,28,2023
1887,2023-03-01,Miercoles,Marzo,3,1,2023
1888,2023-03-02,Jueves,Marzo,3,2,2023
1889,2023-03-03,Viernes,Marzo,3,3,2023
1890,2023-03-04,Sabado,Marzo,3,4,2023
1891,2023-03-05,Domingo,Marzo,3,5,2023
1892,2023-03-06,Lunes,Marzo,3,6,2023
1893,2023-03-07,Martes,Marzo,3,7,2023
1894,2023-03-08,Miercoles,Marzo,3,8,2023
1895,2023-03-09,Jueves,Marzo,3,9,2023
1896,2023-03-10,Viernes,Marzo,3,10,2023
1897,2023-03-11,Sabado,Marzo,3,11,2023
1898,2023-03-12,Domingo,Marzo,3,12,2023
1899,2023-03-13,Lunes,Marzo,3,13,2023
1900,2023-03-14,Martes,Marzo,3,14,2023
1901,2023-03-15,Miercoles,Marzo,3,15,2023
1902,2023-03-16,Jueves,Marzo,3,16,2023
1903,2023-03-17,Viernes,Marzo,3,17,2023
1904,2023-03-18,Sabado,Marzo,3,18,2023
1905,2023-03-19,Domingo,Marzo,3,19,2023
1906,2023-03-20,Lunes,Marzo,3,20,2023
1907,2023-03-21,Martes,Marzo,3,21,2023
1908,2023-03-22,Miercoles,Marzo,3,22,2023
1909,2023-03-23,Jueves,Marzo,3,23,2023
1910,2023-03-24,Viernes,Marzo,3,24,2023
1911,2023-03-25,Sabado,Marzo,3,25,2023
1912,2023-03-26,Domingo,Marzo,3,26,2023
1913,2023-03-27,Lunes,Marzo,3,27,2023
1914,2023-03-28,Martes,Marzo,3,28,2023
1915,2023-03-29,Miercoles,Marzo,3,29,2023
1916,2023-03-30,Jueves,Marzo,3,30,2023
1917,2023-03-31,Viernes,Marzo,3,31,2023
1918,2023-04-01,Sabado,Abril,4,1,2023
1919,2023-04-02,Domingo,Abril,4,2,2023
1920,2023-04-03,Lunes,Abril,4,3,2023
1921,2023-04-04,Martes,Abril,4,4,2023
1922,2023-04-05,Miercoles,Abril,4,5,2023
1923,2023-04-06,Jueves,Abril,4,6,2023
1924,2023-04-07,Viernes,Abril,4,7,2023
1925,2023-04-08,Sabado,Abril,4,8,2023
1926,2023-04-09,Domingo,Abril,4,9,2023
1927,2023-04-10,Lunes,Abril,4,10,2023
1928,2023-04-11,Martes,Abril,4,11,2023
1929,2023-04-12,Miercoles,Abril,4,12,2023
1930,2023-04-13,Jueves,Abril,4,13,2023
1931,2023-04-14,Viernes,Abril,4,14,2023
1932,2023-04-15,Sabado,Abril,4,15,2023
1933,2023-04-16,Domingo,Abril,4,16,2023
1934,2023-04-17,Lunes,Abril,4,17,2023
1935,2023-04-18,Martes,Abril,4,18,2023
1936,2023-04-19,Miercoles,Abril,4,19,2023
1937,2023-04-20,Jueves,Abril,4,20,2023
1938,2023-04-21,Viernes,Abril,4,21,2023
1939,2023-04-22,Sabado,Abril,4,22,2023
1940,2023-04-23,Domingo,Abril,4,23,2023
1941,2023-04-24,Lunes,Abril,4,24,2023
1942,2023-04-25,Martes,Abril,4,25,2023
1943,2023-04-26,Miercoles,Abril,4,26,2023
1944,2023-04-27,Jueves,Abril,4,27,2023
1945,2023-04-28,Viernes,Abril,4,28,2023
1946,2023-04-29,Sabado,Abril,4,29,2023
1947,2023-04-30,Domingo,Abril,4,30,2023
1948,2023-05-01,Lunes,Mayo,5,1,2023
1949,2023-05-02,Martes,Mayo,5,2,2023
1950,2023-05-03,Miercoles,Mayo,5,3,2023
1951,2023-05-04,Jueves,Mayo,5,4,2023
1952,2023-05-05,Viernes,Mayo,5,5,2023
1953,2023-05-06,Sabado,Mayo,5,6,2023
1954,2023-05-07,Domingo,Mayo,5,7,2023
1955,2023-05-08,Lunes,Mayo,5,8,2023
1956,2023-05-09,Martes,Mayo,5,9,2023
1957,2023-05-10,Miercoles,Mayo,5,10,2023
1958,2023-05-11,Jueves,Mayo,5,11,2023
1959,2023-05-12,Viernes,Mayo,5,12,2023
1960,2023-05-13,Sabado,Mayo,5,13,2023
1961,2023-05-14,Domingo,Mayo,5,14,2023
1962,2023-05-15,Lunes,Mayo,5,15,2023
1963,2023-05-16,Martes,Mayo,5,16,2023
1964,2023-05-17,Miercoles,Mayo,5,17,2023
1965,2023-05-18,Jueves,Mayo,5,18,2023
1966,2023-05-19,Viernes,Mayo,5,19,2023
1967,2023-05-20,Sabado,Mayo,5,20,2023
1968,2023-05-21,Domingo,Mayo,5,21,2023
1969,2023-05-22,Lunes,Mayo,5,22,2023
1970,2023-05-23,Martes,Mayo,5,23,2023
1971,2023-05-24,Miercoles,Mayo,5,24,2023
1972,2023-05-25,Jueves,Mayo,5,25,2023
1973,2023-05-26,Viernes,Mayo,5,26,2023
1974,2023-05-27,Sabado,Mayo,5,27,2023
1975,2023-05-28,Domingo,Mayo,5,28,2023
1976,2023-05-29,Lunes,Mayo,5,29,2023
1977,2023-05-30,Martes,Mayo,5,30,2023
1978,2023-05-31,Miercoles,Mayo,5,31,2023
1979,2023-06-01,Jueves,Junio,6,1,2023
1980,2023-06-02,Viernes,Junio,6,2,2023
1981,2023-06-03,Sabado,Junio,6,3,2023
1982,2023-06-04,Domingo,Junio,6,4,2023
1983,2023-06-05,Lunes,Junio,6,5,2023
1984,2023-06-06,Martes,Junio,6,6,2023
1985,2023-06-07,Miercoles,Junio,6,7,2023
1986,2023-06-08,Jueves,Junio,6,8,2023
1987,2023-06-09,Viernes,Junio,6,9,2023
1988,2023-06-10,Sabado,Junio,6,10,2023
1989,2023-06-11,Domingo,Junio,6,11,2023
1990,2023-06-12,Lunes,Junio,6,12,2023
1991,2023-06-13,Martes,Junio,6,13,2023
1992,2023-06-14,Miercoles,Junio,6,14,2023
1993,2023-06-15,Jueves,Junio,6,15,2023
1994,2023-06-16,Viernes,Junio,6,16,2023
1995,2023-06-17,Sabado,Junio,6,17,2023
1996,2023-06-18,Domingo,Junio,6,18,2023
1997,2023-06-19,Lunes,Junio,6,19,2023
1998,2023-06-20,Martes,Junio,6,20,2023
1999,2023-06-21,Miercoles,Junio,6,21,2023
2000,2023-06-22,Jueves,Junio,6,22,2023
2001,2023-06-23,Viernes,Junio,6,23,2023
2002,2023-06-24,Sabado,Junio,6,24,2023
2003,2023-06-25,Domingo,Junio,6,25,2023
2004,2023-06-26,Lunes,Junio,6,26,2023
2005,2023-06-27,Martes,Junio,6,27,2023
2006,2023-06-28,Miercoles,Junio,6,28,2023
2007,2023-06-29,Jueves,Junio,6,29,2023
2008,2023-06-30,Viernes,Junio,6,30,2023
2009,2023-07-01,Sabado,Julio,7,1,2023
2010,2023-07-02,Domingo,Julio,7,2,2023
2011,2023-07-03,Lunes,Julio,7,3,2023
2012,2023-07-04,Martes,Julio,7,4,2023
2013,2023-07-05,Miercoles,Julio,7,5,2023
2014,2023-07-06,Jueves,Julio,7,6,2023
2015,2023-07-07,Viernes,Julio,7,7,2023
2016,2023-07-08,Sabado,Julio,7,8,2023
2017,2023-07-09,Domingo,Julio,7,9,2023
2018,2023-07-10,Lunes,Julio,7,10,2023
2019,2023-07-11,Martes,Julio,7,11,2023
2020,2023-07-12,Miercoles,Julio,7,12,2023
2021,2023-07-13,Jueves,Julio,7,13,2023
2022,2023-07-14,Viernes,Julio,7,14,2023
2023,2023-07-15,Sabado,Julio,7,15,2023
2024,2023-07-16,Domingo,Julio,7,16,2023
2025,2023-07-17,Lunes,Julio,7,17,2023
2026,2023-07-18,Martes,Julio,7,18,2023
2027,2023-07-19,Miercoles,Julio,7,19,2023
2028,2023-07-20,Jueves,Julio,7,20,2023
2029,2023-07-21,Viernes,Julio,7,21,2023
2030,2023-07-22,Sabado,Julio,7,22,2023
2031,2023-07-23,Domingo,Julio,7,23,2023
2032,2023-07-24,Lunes,Julio,7,24,2023
2033,2023-07-25,Martes,Julio,7,25,2023
2034,2023-07-26,Miercoles,Julio,7,26,2023
2035,2023-07-27,Jueves,Julio,7,27,2023
2036,2023-07-28,Viernes,Julio,7,28,2023
2037,2023-07-29,Sabado,Julio,7,29,2023
2038,2023-07-30,Domingo,Julio,7,30,2023
2039,2023-07-31,Lunes,Julio,7,31,2023
2040,2023-08-01,Martes,Agosto,8,1,2023
2041,2023-08-02,Miercoles,Agosto,8,2,2023
2042,2023-08-03,Jueves,Agosto,8,3,2023
2043,2023-08-04,Viernes,Agosto,8,4,2023
2044,2023-08-05,Sabado,Agosto,8,5,2023
2045,2023-08-06,Domingo,Agosto,8,6,2023
2046,2023-08-07,Lunes,Agosto,8,7,2023
2047,2023-08-08,Martes,Agosto,8,8,2023
2048,2023-08-09,Miercoles,Agosto,8,9,2023
2049,2023-08-10,Jueves,Agosto,8,10,2023
2050,2023-08-11,Viernes,Agosto,8,11,2023
2051,2023-08-12,Sabado,Agosto,8,12,2023
2052,2023-08-13,Domingo,Agosto,8,13,2023
2053,2023-08-14,Lunes,Agosto,8,14,2023
2054,2023-08-15,Martes,Agosto,8,15,2023
2055,2023-08-16,Miercoles,Agosto,8,16,2023
2056,2023-08-17,Jueves,Agosto,8,17,2023
2057,2023-08-18,Viernes,Agosto,8,18,2023
2058,2023-08-19,Sabado,Agosto,8,19,2023
2059,2023-08-20,Domingo,Agosto,8,20,2023
2060,2023-08-21,Lunes,Agosto,8,21,2023
2061,2023-08-22,Martes,Agosto,8,22,2023
2062,2023-08-23,Miercoles,Agosto,8,23,2023
2063,2023-08-24,Jueves,Agosto,8,24,2023
2064,2023-08-25,Viernes,Agosto,8,25,2023
2065,2023-08-26,Sabado,Agosto,8,26,2023
2066,2023-08-27,Domingo,Agosto,8,27,2023
2067,2023-08-28,Lunes,Agosto,8,28,2023
2068,2023-08-29,Martes,Agosto,8,29,2023
2069,2023-08-30,Miercoles,Agosto,8,30,2023
2070,2023-08-31,Jueves,Agosto,8,31,2023
2071,2023-09-01,Viernes,Septiembre,9,1,2023
2072,2023-09-02,Sabado,Septiembre,9,2,2023
2073,2023-09-03,Domingo,Septiembre,9,3,2023
2074,2023-09-04,Lunes,Septiembre,9,4,2023
2075,2023-09-05,Martes,Septiembre,9,5,2023
2076,2023-09-06,Miercoles,Septiembre,9,6,2023
2077,2023-09-07,Jueves,Septiembre,9,7,2023
2078,2023-09-08,Viernes,Septiembre,9,8,2023
2079,2023-09-09,Sabado,Septiembre,9,9,2023
2080,2023-09-10,Domingo,Septiembre,9,10,2023
2081,2023-09-11,Lunes,Septiembre,9,11,2023
2082,2023-09-12,Martes,Septiembre,9,12,2023
2083,2023-09-13,Miercoles,Septiembre,9,13,2023
2084,2023-09-14,Jueves,Septiembre,9,14,2023
2085,2023-09-15,Viernes,Septiembre,9,15,2023
2086,2023-09-16,Sabado,Septiembre,9,16,2023
2087,2023-09-17,Domingo,Septiembre,9,17,2023
2088,2023-09-18,Lunes,Septiembre,9,18,2023
2089,2023-09-19,Martes,Septiembre,9,19,2023
2090,2023-09-20,Miercoles,Septiembre,9,20,2023
2091,2023-09-21,Jueves,Septiembre,9,21,2023
2092,2023-09-22,Viernes,Septiembre,9,22,2023
2093,2023-09-23,Sabado,Septiembre,9,23,2023
2094,2023-09-24,Domingo,Septiembre,9,24,2023
2095,2023-09-25,Lunes,Septiembre,9,25,2023
2096,2023-09-26,Martes,Septiembre,9,26,2023
2097,2023-09-27,Miercoles,Septiembre,9,27,2023
2098,2023-09-28,Jueves,Septiembre,9,28,2023
2099,2023-09-29,Viernes,Septiembre,9,29,2023
2100,2023-09-30,Sabado,Septiembre,9,30,2023
2101,2023-10-01,Domingo,Octubre,10,1,2023
2102,2023-10-02,Lunes,Octubre,10,2,2023
2103,2023-10-03,Martes,Octubre,10,3,2023
2104,2023-10-04,Miercoles,Octubre,10,4,2023
2105,2023-10-05,Jueves,Octubre,10,5,2023
2106,2023-10-06,Viernes,Octubre,10,6,2023
2107,2023-10-07,Sabado,Octubre,10,7,2023
2108,2023-10-08,Domingo,Octubre,10,8,2023
2109,2023-10-09,Lunes,Octubre,10,9,2023
2110,2023-10-10,Martes,Octubre,10,10,2023
2111,2023-10-11,Miercoles,Octubre,10,11,2023
2112,2023-10-12,Jueves,Octubre,10,12,2023
2113,2023-10-13,Viernes,Octubre,10,13,2023
2114,2023-10-14,Sabado,Octubre,10,14,2023
2115,2023-10-15,Domingo,Octubre,10,15,2023
2116,2023-10-16,Lunes,Octubre,10,16,2023
2117,2023-10-17,Martes,Octubre,10,17,2023
2118,2023-10-18,Miercoles,Octubre,10,18,2023
2119,2023-10-19,Jueves,Octubre,10,19,2023
2120,2023-10-20,Viernes,Octubre,10,20,2023
2121,2023-10-21,Sabado,Octubre,10,21,2023
2122,2023-10-22,Domingo,Octubre,10,22,2023
2123,2023-10-23,Lunes,Octubre,10,23,2023
2124,2023-10-24,Martes,Octubre,10,24,2023
2125,2023-10-25,Miercoles,Octubre,10,25,2023
2126,2023-10-26,Jueves,Octubre,10,26,2023
2127,2023-10-27,Viernes,Octubre,10,27,2023
2128,2023-10-28,Sabado,Octubre,10,28,2023
2129,2023-10-29,Domingo,Octubre,10,29,2023
2130,2023-10-30,Lunes,Octubre,10,30,2023
2131,2023-10-31,Martes,Octubre,10,31,2023
2132,2023-11-01,Miercoles,Noviembre,11,1,2023
2133,2023-11-02,Jueves,Noviembre,11,2,2023
2134,2023-11-03,Viernes,Noviembre,11,3,2023
2135,2023-11-04,Sabado,Noviembre,11,4,2023
2136,2023-11-05,Domingo,Noviembre,11,5,2023
2137,2023-11-06,Lunes,Noviembre,11,6,2023
2138,2023-11-07,Martes,Noviembre,11,7,2023
2139,2023-11-08,Miercoles,Noviembre,11,8,2023
2140,2023-11-09,Jueves,Noviembre,11,9,2023
2141,2023-11-10,Viernes,Noviembre,11,10,2023
2142,2023-11-11,Sabado,Noviembre,11,11,2023
2143,2023-11-12,Domingo,Noviembre,11,12,2023
2144,2023-11-13,Lunes,Noviembre,11,13,2023
2145,2023-11-14,Martes,Noviembre,11,14,2023
2146,2023-11-15,Miercoles,Noviembre,11,15,2023
2147,2023-11-16,Jueves,Noviembre,11,16,2023
2148,2023-11-17,Viernes,Noviembre,11,17,2023
2149,2023-11-18,Sabado,Noviembre,11,18,2023
2150,2023-11-19,Domingo,Noviembre,11,19,2023
2151,2023-11-20,Lunes,Noviembre,11,20,2023
2152,2023-11-21,Martes,Noviembre,11,21,2023
2153,2023-11-22,Miercoles,Noviembre,11,22,2023
2154,2023-11-23,Jueves,Noviembre,11,23,2023
2155,2023-11-24,Viernes,Noviembre,11,24,2023
2156,2023-11-25,Sabado,Noviembre,11,25,2023
2157,2023-11-26,Domingo,Noviembre,11,26,2023
2158,2023-11-27,Lunes,Noviembre,11,27,2023
2159,2023-11-28,Martes,Noviembre,11,28,2023
2160,2023-11-29,Miercoles,Noviembre,11,29,2023
2161,2023-11-30,Jueves,Noviembre,11,30,2023
2162,2023-12-01,Viernes,Diciembre,12,1,2023
2163,2023-12-02,Sabado,Diciembre,12,2,2023
2164,2023-12-03,Domingo,Diciembre,12,3,2023
2165,2023-12-04,Lunes,Diciembre,12,4,2023
2166,2023-12-05,Martes,Diciembre,12,5,2023
2167,2023-12-06,Miercoles,Diciembre,12,6,2023
2168,2023-12-07,Jueves,Diciembre,12,7,2023
2169,2023-12-08,Viernes,Diciembre,12,8,2023
2170,2023-12-09,Sabado,Diciembre,12,9,2023
2171,2023-12-10,Domingo,Diciembre,12,10,2023
2172,2023-12-11,Lunes,Diciembre,12,11,2023
2173,2023-12-12,Martes,Diciembre,12,12,2023
2174,2023-12-13,Miercoles,Diciembre,12,13,2023
2175,2023-12-14,Jueves,Diciembre,12,14,2023
2176,2023-12-15,Viernes,Diciembre,12,15,2023
2177,2023-12-16,Sabado,Diciembre,12,16,2023
2178,2023-12-17,Domingo,Diciembre,12,17,2023
2179,2023-12-18,Lunes,Diciembre,12,18,2023
2180,2023-12-19,Martes,Diciembre,12,19,2023
2181,2023-12-20,Miercoles,Diciembre,12,20,2023
2182,2023-12-21,Jueves,Diciembre,12,21,2023
2183,2023-12-22,Viernes,Diciembre,12,22,2023
2184,2023-12-23,Sabado,Diciembre,12,23,2023
2185,2023-12-24,Domingo,Diciembre,12,24,2023
2186,2023-12-25,Lunes,Diciembre,12,25,2023
2187,2023-12-26,Martes,Diciembre,12,26,2023
2188,2023-12-27,Miercoles,Diciembre,12,27,2023
2189,2023-12-28,Jueves,Diciembre,12,28,2023
2190,2023-12-29,Viernes,Diciembre,12,29,2023
2191,2023-12-30,Sabado,Diciembre,12,30,2023
2192,2023-12-31,Domingo,Diciembre,12,31,2023
2193,2024-01-01,Lunes,Enero,1,1,2024
2194,2024-01-02,Martes,Enero,1,2,2024
2195,2024-01-03,Miercoles,Enero,1,3,2024
2196,2024-01-04,Jueves,Enero,1,4,2024
2197,2024-01-05,Viernes,Enero,1,5,2024
2198,2024-01-06,Sabado,Enero,1,6,2024
2199,2024-01-07,Domingo,Enero,1,7,2024
2200,2024-01-08,Lunes,Enero,1,8,2024
2201,2024-01-09,Martes,Enero,1,9,2024
2202,2024-01-10,Miercoles,Enero,1,10,2024
2203,2024-01-11,Jueves,Enero,1,11,2024
2204,2024-01-12,Viernes,Enero,1,12,2024
2205,2024-01-13,Sabado,Enero,1,13,2024
2206,2024-01-14,Domingo,Enero,1,14,2024
2207,2024-01-15,Lunes,Enero,1,15,2024
2208,2024-01-16,Martes,Enero,1,16,2024
2209,2024-01-17,Miercoles,Enero,1,17,2024
2210,2024-01-18,Jueves,Enero,1,18,2024
2211,2024-01-19,Viernes,Enero,1,19,2024
2212,2024-01-20,Sabado,Enero,1,20,2024
2213,2024-01-21,Domingo,Enero,1,21,2024
2214,2024-01-22,Lunes,Enero,1,22,2024
2215,2024-01-23,Martes,Enero,1,23,2024
2216,2024-01-24,Miercoles,Enero,1,24,2024
2217,2024-01-25,Jueves,Enero,1,25,2024
2218,2024-01-26,Viernes,Enero,1,26,2024
2219,2024-01-27,Sabado,Enero,1,27,2024
2220,2024-01-28,Domingo,Enero,1,28,2024
2221,2024-01-29,Lunes,Enero,1,29,2024
2222,2024-01-30,Martes,Enero,1,30,2024
2223,2024-01-31,Miercoles,Enero,1,31,2024
2224,2024-02-01,Jueves,Febrero,2,1,2024
2225,2024-02-02,Viernes,Febrero,2,2,2024
2226,2024-02-03,Sabado,Febrero,2,3,2024
2227,2024-02-04,Domingo,Febrero,2,4,2024
2228,2024-02-05,Lunes,Febrero,2,5,2024
2229,2024-02-06,Martes,Febrero,2,6,2024
2230,2024-02-07,Miercoles,Febrero,2,7,2024
2231,2024-02-08,Jueves,Febrero,2,8,2024
2232,2024-02-09,Viernes,Febrero,2,9,2024
2233,2024-02-10,Sabado,Febrero,2,10,2024
2234,2024-02-11,Domingo,Febrero,2,11,2024
2235,2024-02-12,Lunes,Febrero,2,12,2024
2236,2024-02-13,Martes,Febrero,2,13,2024
2237,2024-02-14,Miercoles,Febrero,2,14,2024
2238,2024-02-15,Jueves,Febrero,2,15,2024
2239,2024-02-16,Viernes,Febrero,2,16,2024
2240,2024-02-17,Sabado,Febrero,2,17,2024
2241,2024-02-18,Domingo,Febrero,2,18,2024
2242,2024-02-19,Lunes,Febrero,2,19,2024
2243,2024-02-20,Martes,Febrero,2,20,2024
2244,2024-02-21,Miercoles,Febrero,2,21,2024
2245,2024-02-22,Jueves,Febrero,2,22,2024
2246,2024-02-23,Viernes,Febrero,2,23,2024
2247,2024-02-24,Sabado,Febrero,2,24,2024
2248,2024-02-25,Domingo,Febrero,2,25,2024
2249,2024-02-26,Lunes,Febrero,2,26,2024
2250,2024-02-27,Martes,Febrero,2,27,2024
2251,2024-02-28,Miercoles,Febrero,2,28,2024
2252,2024-02-29,Jueves,Febrero,2,29,2024
2253,2024-03-01,Viernes,Marzo,3,1,2024
2254,2024-03-02,Sabado,Marzo,3,2,2024
2255,2024-03-03,Domingo,Marzo,3,3,2024
2256,2024-03-04,Lunes,Marzo,3,4,2024
2257,2024-03-05,Martes,Marzo,3,5,2024
2258,2024-03-06,Miercoles,Marzo,3,6,2024
2259,2024-03-07,Jueves,Marzo,3,7,2024
2260,2024-03-08,Viernes,Marzo,3,8,2024
2261,2024-03-09,Sabado,Marzo,3,9,2024
2262,2024-03-10,Domingo,Marzo,3,10,2024
2263,2024-03-11,Lunes,Marzo,3,11,2024
2264,2024-03-12,Martes,Marzo,3,12,2024
2265,2024-03-13,Miercoles,Marzo,3,13,2024
2266,2024-03-14,Jueves,Marzo,3,14,2024
2267,2024-03-15,Viernes,Marzo,3,15,2024
2268,2024-03-16,Sabado,Marzo,3,16,2024
2269,2024-03-17,Domingo,Marzo,3,17,2024
2270,2024-03-18,Lunes,Marzo,3,18,2024
2271,2024-03-19,Martes,Marzo,3,19,2024
2272,2024-03-20,Miercoles,Marzo,3,20,2024
2273,2024-03-21,Jueves,Marzo,3,21,2024
2274,2024-03-22,Viernes,Marzo,3,22,2024
2275,2024-03-23,Sabado,Marzo,3,23,2024
2276,2024-03-24,Domingo,Marzo,3,24,2024
2277,2024-03-25,Lunes,Marzo,3,25,2024
2278,2024-03-26,Martes,Marzo,3,26,2024
2279,2024-03-27,Miercoles,Marzo,3,27,2024
2280,2024-03-28,Jueves,Marzo,3,28,2024
2281,2024-03-29,Viernes,Marzo,3,29,2024
2282,2024-03-30,Sabado,Marzo,3,30,2024
2283,2024-03-31,Domingo,Marzo,3,31,2024
2284,2024-04-01,Lunes,Abril,4,1,2024
2285,2024-04-02,Martes,Abril,4,2,2024
2286,2024-04-03,Miercoles,Abril,4,3,2024
2287,2024-04-04,Jueves,Abril,4,4,2024
2288,2024-04-05,Viernes,Abril,4,5,2024
2289,2024-04-06,Sabado,Abril,4,6,2024
2290,2024-04-07,Domingo,Abril,4,7,2024
2291,2024-04-08,Lunes,Abril,4,8,2024
2292,2024-04-09,Martes,Abril,4,9,2024
2293,2024-04-10,Miercoles,Abril,4,10,2024
2294,2024-04-11,Jueves,Abril,4,11,2024
2295,2024-04-12,Viernes,Abril,4,12,2024
2296,2024-04-13,Sabado,Abril,4,13,2024
2297,2024-04-14,Domingo,Abril,4,14,2024
2298,2024-04-15,Lunes,Abril,4,15,2024
2299,2024-04-16,Martes,Abril,4,16,2024
2300,2024-04-17,Miercoles,Abril,4,17,2024
2301,2024-04-18,Jueves,Abril,4,18,2024
2302,2024-04-19,Viernes,Abril,4,19,2024
2303,2024-04-20,Sabado,Abril,4,20,2024
2304,2024-04-21,Domingo,Abril,4,21,2024
2305,2024-04-22,Lunes,Abril,4,22,2024
2306,2024-04-23,Martes,Abril,4,23,2024
2307,2024-04-24,Miercoles,Abril,4,24,2024
2308,2024-04-25,Jueves,Abril,4,25,2024
2309,2024-04-26,Viernes,Abril,4,26,2024
2310,2024-04-27,Sabado,Abril,4,27,2024
2311,2024-04-28,Domingo,Abril,4,28,2024
2312,2024-04-29,Lunes,Abril,4,29,2024
2313,2024-04-30,Martes,Abril,4,30,2024
2314,2024-05-01,Miercoles,Mayo,5,1,2024
2315,2024-05-02,Jueves,Mayo,5,2,2024
2316,2024-05-03,Viernes,Mayo,5,3,2024
2317,2024-05-04,Sabado,Mayo,5,4,2024
2318,2024-05-05,Domingo,Mayo,5,5,2024
2319,2024-05-06,Lunes,Mayo,5,6,2024
2320,2024-05-07,Martes,Mayo,5,7,2024
2321,2024-05-08,Miercoles,Mayo,5,8,2024
2322,2024-05-09,Jueves,Mayo,5,9,2024
2323,2024-05-10,Viernes,Mayo,5,10,2024
2324,2024-05-11,Sabado,Mayo,5,11,2024
2325,2024-05-12,Domingo,Mayo,5,12,2024
2326,2024-05-13,Lunes,Mayo,5,13,2024
2327,2024-05-14,Martes,Mayo,5,14,2024
2328,2024-05-15,Miercoles,Mayo,5,15,2024
2329,2024-05-16,Jueves,Mayo,5,16,2024
2330,2024-05-17,Viernes,Mayo,5,17,2024
2331,2024-05-18,Sabado,Mayo,5,18,2024
2332,2024-05-19,Domingo,Mayo,5,19,2024
2333,2024-05-20,Lunes,Mayo,5,20,2024
2334,2024-05-21,Martes,Mayo,5,21,2024
2335,2024-05-22,Miercoles,Mayo,5,22,2024
2336,2024-05-23,Jueves,Mayo,5,23,2024
2337,2024-05-24,Viernes,Mayo,5,24,2024
2338,2024-05-25,Sabado,Mayo,5,25,2024
2339,2024-05-26,Domingo,Mayo,5,26,2024
2340,2024-05-27,Lunes,Mayo,5,27,2024
2341,2024-05-28,Martes,Mayo,5,28,2024
2342,2024-05-29,Miercoles,Mayo,5,29,2024
2343,2024-05-30,Jueves,Mayo,5,30,2024
